Category: 📺央视频道, Name: CCTV-1, Total: 367, Valid: 143, Valid Percent: 38.96%, Whitelist: 0, IPv4: 124, IPv6: 243, Min Delay: 0.1 ms, Max Speed: 5.60 M/s, Avg Speed: 0.61 M/s, Max Resolution: 1920x1080
Category: 📺央视频道, Name: CCTV-2, Total: 413, Valid: 155, Valid Percent: 37.53%, Whitelist: 0, IPv4: 98, IPv6: 315, Min Delay: 0.1 ms, Max Speed: 31.90 M/s, Avg Speed: 1.90 M/s, Max Resolution: 1920x1080
Category: 📺央视频道, Name: CCTV-3, Total: 383, Valid: 145, Valid Percent: 37.86%, Whitelist: 0, IPv4: 101, IPv6: 282, Min Delay: 0.1 ms, Max Speed: 30.00 M/s, Avg Speed: 1.45 M/s, Max Resolution: 1920x1080
Category: 📺央视频道, Name: CCTV-4, Total: 527, Valid: 160, Valid Percent: 30.36%, Whitelist: 0, IPv4: 113, IPv6: 414, Min Delay: 0.1 ms, Max Speed: 30.78 M/s, Avg Speed: 2.74 M/s, Max Resolution: 3840x2160
Category: 📺央视频道, Name: CCTV-5, Total: 486, Valid: 137, Valid Percent: 28.19%, Whitelist: 0, IPv4: 114, IPv6: 372, Min Delay: 0.1 ms, Max Speed: 25.47 M/s, Avg Speed: 1.59 M/s, Max Resolution: 1920x1080
Category: 📺央视频道, Name: CCTV-5+, Total: 267, Valid: 104, Valid Percent: 38.95%, Whitelist: 0, IPv4: 72, IPv6: 195, Min Delay: 0.1 ms, Max Speed: 2.05 M/s, Avg Speed: 0.25 M/s, Max Resolution: 1920x1080
Category: 📺央视频道, Name: CCTV-6, Total: 343, Valid: 124, Valid Percent: 36.15%, Whitelist: 0, IPv4: 101, IPv6: 242, Min Delay: 0.1 ms, Max Speed: 13.53 M/s, Avg Speed: 1.03 M/s, Max Resolution: 1920x1080
Category: 📺央视频道, Name: CCTV-7, Total: 330, Valid: 139, Valid Percent: 42.12%, Whitelist: 0, IPv4: 91, IPv6: 239, Min Delay: 0.1 ms, Max Speed: 13.46 M/s, Avg Speed: 0.77 M/s, Max Resolution: 1920x1080
Category: 📺央视频道, Name: CCTV-8, Total: 386, Valid: 139, Valid Percent: 36.01%, Whitelist: 0, IPv4: 109, IPv6: 277, Min Delay: 0.1 ms, Max Speed: 18.46 M/s, Avg Speed: 1.55 M/s, Max Resolution: 1920x1080
Category: 📺央视频道, Name: CCTV-9, Total: 369, Valid: 139, Valid Percent: 37.67%, Whitelist: 0, IPv4: 89, IPv6: 280, Min Delay: 0.1 ms, Max Speed: 13.25 M/s, Avg Speed: 0.54 M/s, Max Resolution: 1920x1080
Category: 📺央视频道, Name: CCTV-10, Total: 329, Valid: 138, Valid Percent: 41.95%, Whitelist: 0, IPv4: 93, IPv6: 236, Min Delay: 0.1 ms, Max Speed: 13.76 M/s, Avg Speed: 0.74 M/s, Max Resolution: 1920x1080
Category: 📺央视频道, Name: CCTV-11, Total: 386, Valid: 145, Valid Percent: 37.56%, Whitelist: 0, IPv4: 85, IPv6: 301, Min Delay: 0.1 ms, Max Speed: 12.57 M/s, Avg Speed: 0.59 M/s, Max Resolution: 1920x1080
Category: 📺央视频道, Name: CCTV-12, Total: 337, Valid: 147, Valid Percent: 43.62%, Whitelist: 0, IPv4: 92, IPv6: 245, Min Delay: 0.1 ms, Max Speed: 29.18 M/s, Avg Speed: 1.51 M/s, Max Resolution: 1920x1080
Category: 📺央视频道, Name: CCTV-13, Total: 413, Valid: 130, Valid Percent: 31.48%, Whitelist: 0, IPv4: 98, IPv6: 315, Min Delay: 0.1 ms, Max Speed: 30.29 M/s, Avg Speed: 2.37 M/s, Max Resolution: 1920x1080
Category: 📺央视频道, Name: CCTV-14, Total: 342, Valid: 105, Valid Percent: 30.70%, Whitelist: 0, IPv4: 76, IPv6: 266, Min Delay: 0.1 ms, Max Speed: 9.86 M/s, Avg Speed: 0.35 M/s, Max Resolution: 1920x1080
Category: 📺央视频道, Name: CCTV-15, Total: 368, Valid: 135, Valid Percent: 36.68%, Whitelist: 0, IPv4: 81, IPv6: 287, Min Delay: 0.1 ms, Max Speed: 7.65 M/s, Avg Speed: 0.36 M/s, Max Resolution: 1920x1080
Category: 📺央视频道, Name: CCTV-16, Total: 194, Valid: 83, Valid Percent: 42.78%, Whitelist: 0, IPv4: 74, IPv6: 120, Min Delay: 0.1 ms, Max Speed: 32.63 M/s, Avg Speed: 1.68 M/s, Max Resolution: 3840x2160
Category: 📺央视频道, Name: CCTV-17, Total: 307, Valid: 121, Valid Percent: 39.41%, Whitelist: 0, IPv4: 83, IPv6: 224, Min Delay: 0.1 ms, Max Speed: 28.29 M/s, Avg Speed: 1.53 M/s, Max Resolution: 1920x1080
Category: 📺央视频道, Name: CETV-1, Total: 189, Valid: 18, Valid Percent: 9.52%, Whitelist: 0, IPv4: 22, IPv6: 167, Min Delay: 116 ms, Max Speed: 12.07 M/s, Avg Speed: 0.79 M/s, Max Resolution: 1920x1080
Category: 📺央视频道, Name: CETV-2, Total: 140, Valid: 8, Valid Percent: 5.71%, Whitelist: 0, IPv4: 9, IPv6: 131, Min Delay: 36 ms, Max Speed: 26.60 M/s, Avg Speed: 9.66 M/s, Max Resolution: 1920x1080
Category: 📺央视频道, Name: CETV-3, Total: 10, Valid: 2, Valid Percent: 20.00%, Whitelist: 0, IPv4: 2, IPv6: 8, Min Delay: 424 ms, Max Speed: 6.51 M/s, Avg Speed: 6.43 M/s, Max Resolution: 720x576
Category: 📺央视频道, Name: CETV-4, Total: 168, Valid: 21, Valid Percent: 12.50%, Whitelist: 0, IPv4: 25, IPv6: 143, Min Delay: 35 ms, Max Speed: 27.96 M/s, Avg Speed: 7.20 M/s, Max Resolution: 1920x1080
Category: 💰央视付费频道, Name: 文化精品, Total: 26, Valid: 10, Valid Percent: 38.46%, Whitelist: 0, IPv4: 17, IPv6: 9, Min Delay: 405 ms, Max Speed: 11.62 M/s, Avg Speed: 3.00 M/s, Max Resolution: 1920x1080
Category: 💰央视付费频道, Name: 央视台球, Total: 34, Valid: 15, Valid Percent: 44.12%, Whitelist: 0, IPv4: 20, IPv6: 14, Min Delay: 0.1 ms, Max Speed: 98.34 M/s, Avg Speed: 9.44 M/s, Max Resolution: 1920x1080
Category: 💰央视付费频道, Name: 风云音乐, Total: 73, Valid: 38, Valid Percent: 52.05%, Whitelist: 0, IPv4: 50, IPv6: 23, Min Delay: 457 ms, Max Speed: 10.31 M/s, Avg Speed: 1.06 M/s, Max Resolution: 1920x1080
Category: 💰央视付费频道, Name: 第一剧场, Total: 86, Valid: 45, Valid Percent: 52.33%, Whitelist: 0, IPv4: 52, IPv6: 34, Min Delay: 463 ms, Max Speed: 18.94 M/s, Avg Speed: 0.98 M/s, Max Resolution: 1920x1080
Category: 💰央视付费频道, Name: 风云剧场, Total: 65, Valid: 38, Valid Percent: 58.46%, Whitelist: 0, IPv4: 45, IPv6: 20, Min Delay: 458 ms, Max Speed: 10.03 M/s, Avg Speed: 1.05 M/s, Max Resolution: 1920x1080
Category: 💰央视付费频道, Name: 怀旧剧场, Total: 73, Valid: 45, Valid Percent: 61.64%, Whitelist: 0, IPv4: 52, IPv6: 21, Min Delay: 128 ms, Max Speed: 17.05 M/s, Avg Speed: 1.41 M/s, Max Resolution: 1920x1080
Category: 💰央视付费频道, Name: 女性时尚, Total: 61, Valid: 38, Valid Percent: 62.30%, Whitelist: 0, IPv4: 44, IPv6: 17, Min Delay: 364 ms, Max Speed: 11.92 M/s, Avg Speed: 0.99 M/s, Max Resolution: 1920x1080
Category: 💰央视付费频道, Name: 高尔夫网球, Total: 60, Valid: 39, Valid Percent: 65.00%, Whitelist: 0, IPv4: 43, IPv6: 17, Min Delay: 375 ms, Max Speed: 11.01 M/s, Avg Speed: 0.85 M/s, Max Resolution: 1920x1080
Category: 💰央视付费频道, Name: 风云足球, Total: 84, Valid: 51, Valid Percent: 60.71%, Whitelist: 0, IPv4: 52, IPv6: 32, Min Delay: 0.1 ms, Max Speed: 33.64 M/s, Avg Speed: 1.52 M/s, Max Resolution: 1920x1080
Category: 💰央视付费频道, Name: 电视指南, Total: 44, Valid: 27, Valid Percent: 61.36%, Whitelist: 0, IPv4: 31, IPv6: 13, Min Delay: 463 ms, Max Speed: 0.90 M/s, Avg Speed: 0.27 M/s, Max Resolution: 1920x1080
Category: 💰央视付费频道, Name: 世界地理, Total: 74, Valid: 48, Valid Percent: 64.86%, Whitelist: 0, IPv4: 52, IPv6: 22, Min Delay: 0.1 ms, Max Speed: 19.72 M/s, Avg Speed: 0.76 M/s, Max Resolution: 1920x1080
Category: 💰央视付费频道, Name: 兵器科技, Total: 69, Valid: 46, Valid Percent: 66.67%, Whitelist: 0, IPv4: 51, IPv6: 18, Min Delay: 460 ms, Max Speed: 11.44 M/s, Avg Speed: 0.75 M/s, Max Resolution: 1920x1080
Category: 📡卫视频道, Name: 广东卫视, Total: 363, Valid: 125, Valid Percent: 34.44%, Whitelist: 0, IPv4: 77, IPv6: 286, Min Delay: 0.1 ms, Max Speed: 7.78 M/s, Avg Speed: 0.29 M/s, Max Resolution: 1920x1080
Category: 📡卫视频道, Name: 香港卫视, Total: 17, Valid: 5, Valid Percent: 29.41%, Whitelist: 0, IPv4: 1, IPv6: 16, Min Delay: 0.1 ms, Max Speed: 0.00 M/s, Avg Speed: 0.00 M/s, Max Resolution: 1920x1080
Category: 📡卫视频道, Name: 浙江卫视, Total: 427, Valid: 139, Valid Percent: 32.55%, Whitelist: 0, IPv4: 79, IPv6: 348, Min Delay: 0.1 ms, Max Speed: 6.58 M/s, Avg Speed: 0.23 M/s, Max Resolution: 1920x1080
Category: 📡卫视频道, Name: 湖南卫视, Total: 379, Valid: 158, Valid Percent: 41.69%, Whitelist: 0, IPv4: 118, IPv6: 261, Min Delay: 0.1 ms, Max Speed: 39.50 M/s, Avg Speed: 1.10 M/s, Max Resolution: 3840x2160
Category: 📡卫视频道, Name: 北京卫视, Total: 413, Valid: 169, Valid Percent: 40.92%, Whitelist: 0, IPv4: 127, IPv6: 286, Min Delay: 0.1 ms, Max Speed: 89.90 M/s, Avg Speed: 2.31 M/s, Max Resolution: 3840x2160
Category: 📡卫视频道, Name: 湖北卫视, Total: 372, Valid: 140, Valid Percent: 37.63%, Whitelist: 0, IPv4: 75, IPv6: 297, Min Delay: 0.1 ms, Max Speed: 7.97 M/s, Avg Speed: 0.35 M/s, Max Resolution: 1920x1080
Category: 📡卫视频道, Name: 黑龙江卫视, Total: 236, Valid: 129, Valid Percent: 54.66%, Whitelist: 0, IPv4: 72, IPv6: 164, Min Delay: 0.1 ms, Max Speed: 4.98 M/s, Avg Speed: 0.23 M/s, Max Resolution: 1920x1080
Category: 📡卫视频道, Name: 安徽卫视, Total: 222, Valid: 124, Valid Percent: 55.86%, Whitelist: 0, IPv4: 69, IPv6: 153, Min Delay: 0.1 ms, Max Speed: 5.99 M/s, Avg Speed: 0.20 M/s, Max Resolution: 1920x1080
Category: 📡卫视频道, Name: 重庆卫视, Total: 282, Valid: 118, Valid Percent: 41.84%, Whitelist: 0, IPv4: 69, IPv6: 213, Min Delay: 0.1 ms, Max Speed: 4.05 M/s, Avg Speed: 0.20 M/s, Max Resolution: 1920x1080
Category: 📡卫视频道, Name: 东方卫视, Total: 341, Valid: 122, Valid Percent: 35.78%, Whitelist: 0, IPv4: 70, IPv6: 271, Min Delay: 0.1 ms, Max Speed: 13.18 M/s, Avg Speed: 0.31 M/s, Max Resolution: 1920x1080
Category: 📡卫视频道, Name: 东南卫视, Total: 234, Valid: 104, Valid Percent: 44.44%, Whitelist: 0, IPv4: 67, IPv6: 167, Min Delay: 0.1 ms, Max Speed: 20.22 M/s, Avg Speed: 0.41 M/s, Max Resolution: 1920x1080
Category: 📡卫视频道, Name: 甘肃卫视, Total: 175, Valid: 79, Valid Percent: 45.14%, Whitelist: 0, IPv4: 60, IPv6: 115, Min Delay: 0.1 ms, Max Speed: 0.97 M/s, Avg Speed: 0.19 M/s, Max Resolution: 1920x1080
Category: 📡卫视频道, Name: 广西卫视, Total: 207, Valid: 95, Valid Percent: 45.89%, Whitelist: 0, IPv4: 65, IPv6: 142, Min Delay: 0.1 ms, Max Speed: 1.31 M/s, Avg Speed: 0.16 M/s, Max Resolution: 1920x1080
Category: 📡卫视频道, Name: 贵州卫视, Total: 201, Valid: 96, Valid Percent: 47.76%, Whitelist: 0, IPv4: 67, IPv6: 134, Min Delay: 0.1 ms, Max Speed: 1.20 M/s, Avg Speed: 0.20 M/s, Max Resolution: 1920x1080
Category: 📡卫视频道, Name: 海南卫视, Total: 337, Valid: 90, Valid Percent: 26.71%, Whitelist: 0, IPv4: 59, IPv6: 278, Min Delay: 0.1 ms, Max Speed: 5.66 M/s, Avg Speed: 0.28 M/s, Max Resolution: 1920x1080
Category: 📡卫视频道, Name: 河北卫视, Total: 384, Valid: 107, Valid Percent: 27.86%, Whitelist: 0, IPv4: 70, IPv6: 314, Min Delay: 0.1 ms, Max Speed: 1.55 M/s, Avg Speed: 0.24 M/s, Max Resolution: 1920x1080
Category: 📡卫视频道, Name: 河南卫视, Total: 672, Valid: 115, Valid Percent: 17.11%, Whitelist: 0, IPv4: 74, IPv6: 598, Min Delay: 0.1 ms, Max Speed: 27.78 M/s, Avg Speed: 1.12 M/s, Max Resolution: 1920x1080
Category: 📡卫视频道, Name: 吉林卫视, Total: 295, Valid: 115, Valid Percent: 38.98%, Whitelist: 0, IPv4: 70, IPv6: 225, Min Delay: 0.1 ms, Max Speed: 4.37 M/s, Avg Speed: 0.19 M/s, Max Resolution: 1920x1080
Category: 📡卫视频道, Name: 江苏卫视, Total: 337, Valid: 128, Valid Percent: 37.98%, Whitelist: 0, IPv4: 76, IPv6: 261, Min Delay: 0.1 ms, Max Speed: 9.91 M/s, Avg Speed: 0.30 M/s, Max Resolution: 1920x1080
Category: 📡卫视频道, Name: 江西卫视, Total: 319, Valid: 130, Valid Percent: 40.75%, Whitelist: 0, IPv4: 69, IPv6: 250, Min Delay: 0.1 ms, Max Speed: 4.47 M/s, Avg Speed: 0.17 M/s, Max Resolution: 1920x1080
Category: 📡卫视频道, Name: 辽宁卫视, Total: 312, Valid: 100, Valid Percent: 32.05%, Whitelist: 0, IPv4: 67, IPv6: 245, Min Delay: 0.1 ms, Max Speed: 8.83 M/s, Avg Speed: 0.25 M/s, Max Resolution: 1920x1080
Category: 📡卫视频道, Name: 内蒙古卫视, Total: 241, Valid: 67, Valid Percent: 27.80%, Whitelist: 0, IPv4: 56, IPv6: 185, Min Delay: 0.1 ms, Max Speed: 4.75 M/s, Avg Speed: 0.49 M/s, Max Resolution: 1920x1080
Category: 📡卫视频道, Name: 宁夏卫视, Total: 261, Valid: 72, Valid Percent: 27.59%, Whitelist: 0, IPv4: 61, IPv6: 200, Min Delay: 0.1 ms, Max Speed: 5.09 M/s, Avg Speed: 0.51 M/s, Max Resolution: 1920x1080
Category: 📡卫视频道, Name: 青海卫视, Total: 288, Valid: 81, Valid Percent: 28.12%, Whitelist: 0, IPv4: 61, IPv6: 227, Min Delay: 0.1 ms, Max Speed: 10.72 M/s, Avg Speed: 0.49 M/s, Max Resolution: 1920x1080
Category: 📡卫视频道, Name: 山东卫视, Total: 233, Valid: 103, Valid Percent: 44.21%, Whitelist: 0, IPv4: 70, IPv6: 163, Min Delay: 0.1 ms, Max Speed: 5.60 M/s, Avg Speed: 0.24 M/s, Max Resolution: 1920x1080
Category: 📡卫视频道, Name: 山西卫视, Total: 173, Valid: 66, Valid Percent: 38.15%, Whitelist: 0, IPv4: 63, IPv6: 110, Min Delay: 0.1 ms, Max Speed: 2.99 M/s, Avg Speed: 0.26 M/s, Max Resolution: 1920x1080
Category: 📡卫视频道, Name: 陕西卫视, Total: 317, Valid: 84, Valid Percent: 26.50%, Whitelist: 0, IPv4: 68, IPv6: 249, Min Delay: 0.1 ms, Max Speed: 5.87 M/s, Avg Speed: 0.23 M/s, Max Resolution: 1920x1080
Category: 📡卫视频道, Name: 四川卫视, Total: 268, Valid: 120, Valid Percent: 44.78%, Whitelist: 0, IPv4: 110, IPv6: 158, Min Delay: 0.1 ms, Max Speed: 28.13 M/s, Avg Speed: 1.43 M/s, Max Resolution: 3840x2160
Category: 📡卫视频道, Name: 深圳卫视, Total: 227, Valid: 96, Valid Percent: 42.29%, Whitelist: 0, IPv4: 69, IPv6: 158, Min Delay: 0.1 ms, Max Speed: 11.08 M/s, Avg Speed: 0.34 M/s, Max Resolution: 1920x1080
Category: 📡卫视频道, Name: 三沙卫视, Total: 205, Valid: 58, Valid Percent: 28.29%, Whitelist: 0, IPv4: 53, IPv6: 152, Min Delay: 0.1 ms, Max Speed: 2.66 M/s, Avg Speed: 0.35 M/s, Max Resolution: 1920x1080
Category: 📡卫视频道, Name: 天津卫视, Total: 201, Valid: 99, Valid Percent: 49.25%, Whitelist: 0, IPv4: 63, IPv6: 138, Min Delay: 0.1 ms, Max Speed: 2.35 M/s, Avg Speed: 0.21 M/s, Max Resolution: 1920x1080
Category: 📡卫视频道, Name: 西藏卫视, Total: 194, Valid: 72, Valid Percent: 37.11%, Whitelist: 0, IPv4: 60, IPv6: 134, Min Delay: 0.1 ms, Max Speed: 8.83 M/s, Avg Speed: 0.34 M/s, Max Resolution: 1920x1080
Category: 📡卫视频道, Name: 新疆卫视, Total: 192, Valid: 72, Valid Percent: 37.50%, Whitelist: 0, IPv4: 58, IPv6: 134, Min Delay: 0.1 ms, Max Speed: 7.27 M/s, Avg Speed: 0.51 M/s, Max Resolution: 1920x1080
Category: 📡卫视频道, Name: 云南卫视, Total: 208, Valid: 86, Valid Percent: 41.35%, Whitelist: 0, IPv4: 67, IPv6: 141, Min Delay: 0.1 ms, Max Speed: 3.90 M/s, Avg Speed: 0.25 M/s, Max Resolution: 1920x1080
Category: ☘️广东频道, Name: 广东珠江, Total: 270, Valid: 67, Valid Percent: 24.81%, Whitelist: 0, IPv4: 34, IPv6: 236, Min Delay: 0.1 ms, Max Speed: 11.83 M/s, Avg Speed: 0.89 M/s, Max Resolution: 1920x1080
Category: ☘️广东频道, Name: 广东体育, Total: 262, Valid: 13, Valid Percent: 4.96%, Whitelist: 0, IPv4: 5, IPv6: 257, Min Delay: 0.1 ms, Max Speed: 0.18 M/s, Avg Speed: 0.02 M/s, Max Resolution: 1920x1080
Category: ☘️广东频道, Name: 广东新闻, Total: 175, Valid: 19, Valid Percent: 10.86%, Whitelist: 0, IPv4: 13, IPv6: 162, Min Delay: 0.1 ms, Max Speed: 7.98 M/s, Avg Speed: 2.46 M/s, Max Resolution: 1920x1080
Category: ☘️广东频道, Name: 广东卫视, Total: 286, Valid: 58, Valid Percent: 20.28%, Whitelist: 0, IPv4: 0, IPv6: 286, Min Delay: 0.1 ms, Max Speed: 0.00 M/s, Avg Speed: 0.00 M/s, Max Resolution: 1920x1080
Category: ☘️广东频道, Name: 广东民生, Total: 174, Valid: 11, Valid Percent: 6.32%, Whitelist: 0, IPv4: 6, IPv6: 168, Min Delay: 0.1 ms, Max Speed: 6.24 M/s, Avg Speed: 1.67 M/s, Max Resolution: 1920x1080
Category: ☘️广东频道, Name: 大湾区卫视, Total: 194, Valid: 20, Valid Percent: 10.31%, Whitelist: 0, IPv4: 9, IPv6: 185, Min Delay: 0.1 ms, Max Speed: 10.35 M/s, Avg Speed: 1.77 M/s, Max Resolution: 1920x1080
Category: ☘️广东频道, Name: 广州综合, Total: 84, Valid: 43, Valid Percent: 51.19%, Whitelist: 0, IPv4: 6, IPv6: 78, Min Delay: 0.1 ms, Max Speed: 0.31 M/s, Avg Speed: 0.02 M/s, Max Resolution: 1920x1080
Category: ☘️广东频道, Name: 广州影视, Total: 40, Valid: 31, Valid Percent: 77.50%, Whitelist: 0, IPv4: 1, IPv6: 39, Min Delay: 0.1 ms, Max Speed: 0.00 M/s, Avg Speed: 0.00 M/s, Max Resolution: 1920x1080
Category: ☘️广东频道, Name: 广州竞赛, Total: 54, Valid: 10, Valid Percent: 18.52%, Whitelist: 0, IPv4: 1, IPv6: 53, Min Delay: 0.1 ms, Max Speed: 0.00 M/s, Avg Speed: 0.00 M/s, Max Resolution: 1920x1080
Category: ☘️广东频道, Name: 江门综合, Total: 18, Valid: 10, Valid Percent: 55.56%, Whitelist: 0, IPv4: 1, IPv6: 17, Min Delay: 0.1 ms, Max Speed: 0.09 M/s, Avg Speed: 0.01 M/s, Max Resolution: 1920x1080
Category: ☘️广东频道, Name: 佛山综合, Total: 32, Valid: 16, Valid Percent: 50.00%, Whitelist: 0, IPv4: 1, IPv6: 31, Min Delay: 0.1 ms, Max Speed: 0.09 M/s, Avg Speed: 0.01 M/s, Max Resolution: 1920x1080
Category: ☘️广东频道, Name: 深圳卫视, Total: 158, Valid: 33, Valid Percent: 20.89%, Whitelist: 0, IPv4: 0, IPv6: 158, Min Delay: 0.1 ms, Max Speed: 0.00 M/s, Avg Speed: 0.00 M/s, Max Resolution: 1920x1080
Category: ☘️广东频道, Name: 汕头综合, Total: 61, Valid: 11, Valid Percent: 18.03%, Whitelist: 0, IPv4: 2, IPv6: 59, Min Delay: 0.1 ms, Max Speed: 0.09 M/s, Avg Speed: 0.01 M/s, Max Resolution: 1920x1080
Category: ☘️广东频道, Name: 汕头经济, Total: 56, Valid: 8, Valid Percent: 14.29%, Whitelist: 0, IPv4: 2, IPv6: 54, Min Delay: 0.1 ms, Max Speed: 0.25 M/s, Avg Speed: 0.03 M/s, Max Resolution: 1920x1080
Category: ☘️广东频道, Name: 茂名综合, Total: 2, Valid: 1, Valid Percent: 50.00%, Whitelist: 0, IPv4: 1, IPv6: 1, Min Delay: 492 ms, Max Speed: 0.04 M/s, Avg Speed: 0.04 M/s, Max Resolution: None
Category: ☘️广东频道, Name: 茂名公共, Total: 1, Valid: 1, Valid Percent: 100.00%, Whitelist: 0, IPv4: 1, IPv6: 0, Min Delay: 745 ms, Max Speed: 0.89 M/s, Avg Speed: 0.89 M/s, Max Resolution: 1920x1080
Category: ☘️浙江频道, Name: 浙江钱江, Total: 27, Valid: 11, Valid Percent: 40.74%, Whitelist: 0, IPv4: 4, IPv6: 23, Min Delay: 0.1 ms, Max Speed: 0.79 M/s, Avg Speed: 0.19 M/s, Max Resolution: 1920x1080
Category: ☘️浙江频道, Name: 浙江钱江都市, Total: 6, Valid: 3, Valid Percent: 50.00%, Whitelist: 0, IPv4: 0, IPv6: 6, Min Delay: 0.1 ms, Max Speed: 0.00 M/s, Avg Speed: 0.00 M/s, Max Resolution: 1920x1080
Category: ☘️浙江频道, Name: 浙江钱江台, Total: 2, Valid: 2, Valid Percent: 100.00%, Whitelist: 0, IPv4: 0, IPv6: 2, Min Delay: 0.1 ms, Max Speed: 0.00 M/s, Avg Speed: 0.00 M/s, Max Resolution: 1920x1080
Category: ☘️浙江频道, Name: 浙江生活, Total: 36, Valid: 15, Valid Percent: 41.67%, Whitelist: 0, IPv4: 1, IPv6: 35, Min Delay: 0.1 ms, Max Speed: 0.35 M/s, Avg Speed: 0.02 M/s, Max Resolution: 1920x1080
Category: ☘️浙江频道, Name: 浙江经济生活, Total: 11, Valid: 7, Valid Percent: 63.64%, Whitelist: 0, IPv4: 3, IPv6: 8, Min Delay: 0.1 ms, Max Speed: 0.82 M/s, Avg Speed: 0.21 M/s, Max Resolution: 1920x1080
Category: ☘️浙江频道, Name: 浙江教育, Total: 10, Valid: 3, Valid Percent: 30.00%, Whitelist: 0, IPv4: 0, IPv6: 10, Min Delay: 0.1 ms, Max Speed: 0.00 M/s, Avg Speed: 0.00 M/s, Max Resolution: 1920x1080
Category: ☘️浙江频道, Name: 浙江民生, Total: 12, Valid: 2, Valid Percent: 16.67%, Whitelist: 0, IPv4: 2, IPv6: 10, Min Delay: 0.1 ms, Max Speed: 0.08 M/s, Avg Speed: 0.04 M/s, Max Resolution: 1920x1080
Category: ☘️浙江频道, Name: 浙江新闻, Total: 39, Valid: 21, Valid Percent: 53.85%, Whitelist: 0, IPv4: 7, IPv6: 32, Min Delay: 0.1 ms, Max Speed: 0.85 M/s, Avg Speed: 0.05 M/s, Max Resolution: 1920x1080
Category: ☘️浙江频道, Name: 浙江少儿, Total: 39, Valid: 15, Valid Percent: 38.46%, Whitelist: 0, IPv4: 3, IPv6: 36, Min Delay: 0.1 ms, Max Speed: 0.33 M/s, Avg Speed: 0.05 M/s, Max Resolution: 1920x1080
Category: ☘️浙江频道, Name: 杭州综合, Total: 9, Valid: 6, Valid Percent: 66.67%, Whitelist: 0, IPv4: 3, IPv6: 6, Min Delay: 0.1 ms, Max Speed: 0.72 M/s, Avg Speed: 0.12 M/s, Max Resolution: 1920x1080
Category: ☘️浙江频道, Name: 杭州明珠, Total: 7, Valid: 4, Valid Percent: 57.14%, Whitelist: 0, IPv4: 1, IPv6: 6, Min Delay: 0.1 ms, Max Speed: 0.00 M/s, Avg Speed: 0.00 M/s, Max Resolution: 1920x1080
Category: ☘️浙江频道, Name: 杭州生活, Total: 9, Valid: 7, Valid Percent: 77.78%, Whitelist: 0, IPv4: 2, IPv6: 7, Min Delay: 0.1 ms, Max Speed: 0.01 M/s, Avg Speed: 0.00 M/s, Max Resolution: 1920x1080
Category: ☘️浙江频道, Name: 杭州影视, Total: 10, Valid: 8, Valid Percent: 80.00%, Whitelist: 0, IPv4: 6, IPv6: 4, Min Delay: 0.1 ms, Max Speed: 0.02 M/s, Avg Speed: 0.01 M/s, Max Resolution: 1920x1080
Category: ☘️浙江频道, Name: 杭州青少, Total: 1, Valid: 0, Valid Percent: 0.00%, Whitelist: 0, IPv4: 0, IPv6: 1, Min Delay: -1 ms, Max Speed: 0.00 M/s, Avg Speed: 0.00 M/s, Max Resolution: None
Category: ☘️浙江频道, Name: 杭州少体, Total: 1, Valid: 1, Valid Percent: 100.00%, Whitelist: 0, IPv4: 0, IPv6: 1, Min Delay: 0.1 ms, Max Speed: 0.00 M/s, Avg Speed: 0.00 M/s, Max Resolution: 1920x1080
Category: ☘️浙江频道, Name: 杭州导视, Total: 3, Valid: 1, Valid Percent: 33.33%, Whitelist: 0, IPv4: 2, IPv6: 1, Min Delay: 462 ms, Max Speed: 0.08 M/s, Avg Speed: 0.08 M/s, Max Resolution: None
Category: ☘️浙江频道, Name: 宁波TV1, Total: 1, Valid: 0, Valid Percent: 0.00%, Whitelist: 0, IPv4: 0, IPv6: 1, Min Delay: -1 ms, Max Speed: 0.00 M/s, Avg Speed: 0.00 M/s, Max Resolution: None
Category: ☘️浙江频道, Name: 宁波TV2, Total: 1, Valid: 0, Valid Percent: 0.00%, Whitelist: 0, IPv4: 0, IPv6: 1, Min Delay: -1 ms, Max Speed: 0.00 M/s, Avg Speed: 0.00 M/s, Max Resolution: None
Category: ☘️浙江频道, Name: 宁波TV4, Total: 1, Valid: 0, Valid Percent: 0.00%, Whitelist: 0, IPv4: 0, IPv6: 1, Min Delay: -1 ms, Max Speed: 0.00 M/s, Avg Speed: 0.00 M/s, Max Resolution: None
Category: ☘️浙江频道, Name: 宁波TV5, Total: 1, Valid: 0, Valid Percent: 0.00%, Whitelist: 0, IPv4: 1, IPv6: 0, Min Delay: 119 ms, Max Speed: 0.00 M/s, Avg Speed: 0.00 M/s, Max Resolution: None
Category: ☘️浙江频道, Name: NBTV-1, Total: 1, Valid: 1, Valid Percent: 100.00%, Whitelist: 0, IPv4: 1, IPv6: 0, Min Delay: 10502 ms, Max Speed: 0.10 M/s, Avg Speed: 0.10 M/s, Max Resolution: None
Category: ☘️浙江频道, Name: NBTV-2, Total: 1, Valid: 1, Valid Percent: 100.00%, Whitelist: 0, IPv4: 1, IPv6: 0, Min Delay: 10171 ms, Max Speed: 0.08 M/s, Avg Speed: 0.08 M/s, Max Resolution: None
Category: ☘️浙江频道, Name: 浙江教科, Total: 7, Valid: 3, Valid Percent: 42.86%, Whitelist: 0, IPv4: 0, IPv6: 7, Min Delay: 0.1 ms, Max Speed: 0.00 M/s, Avg Speed: 0.00 M/s, Max Resolution: 1920x1080
Category: ☘️浙江频道, Name: 浙江经济, Total: 2, Valid: 2, Valid Percent: 100.00%, Whitelist: 0, IPv4: 0, IPv6: 2, Min Delay: 0.1 ms, Max Speed: 0.00 M/s, Avg Speed: 0.00 M/s, Max Resolution: 1920x1080
Category: ☘️浙江频道, Name: 之江纪录, Total: 5, Valid: 5, Valid Percent: 100.00%, Whitelist: 0, IPv4: 2, IPv6: 3, Min Delay: 0.1 ms, Max Speed: 0.83 M/s, Avg Speed: 0.21 M/s, Max Resolution: 1920x1080
Category: ☘️浙江频道, Name: 浙江国际, Total: 28, Valid: 9, Valid Percent: 32.14%, Whitelist: 0, IPv4: 1, IPv6: 27, Min Delay: 0.1 ms, Max Speed: 0.00 M/s, Avg Speed: 0.00 M/s, Max Resolution: 1920x1080
Category: ☘️浙江频道, Name: 嘉兴新闻综合, Total: 5, Valid: 1, Valid Percent: 20.00%, Whitelist: 0, IPv4: 0, IPv6: 5, Min Delay: 0.1 ms, Max Speed: 0.00 M/s, Avg Speed: 0.00 M/s, Max Resolution: 1920x1080
Category: ☘️浙江频道, Name: 湖州公共, Total: 8, Valid: 3, Valid Percent: 37.50%, Whitelist: 0, IPv4: 0, IPv6: 8, Min Delay: 0.1 ms, Max Speed: 0.00 M/s, Avg Speed: 0.00 M/s, Max Resolution: 1920x1080
Category: ☘️浙江频道, Name: 湖州新闻综合, Total: 20, Valid: 1, Valid Percent: 5.00%, Whitelist: 0, IPv4: 1, IPv6: 19, Min Delay: 3669 ms, Max Speed: 0.67 M/s, Avg Speed: 0.67 M/s, Max Resolution: 1920x1080
Category: ☘️浙江频道, Name: 湖州文化娱乐, Total: 5, Valid: 0, Valid Percent: 0.00%, Whitelist: 0, IPv4: 0, IPv6: 5, Min Delay: -1 ms, Max Speed: 0.00 M/s, Avg Speed: 0.00 M/s, Max Resolution: None
Category: ☘️浙江频道, Name: 衢州公共, Total: 1, Valid: 1, Valid Percent: 100.00%, Whitelist: 0, IPv4: 1, IPv6: 0, Min Delay: 457 ms, Max Speed: 0.00 M/s, Avg Speed: 0.00 M/s, Max Resolution: None
Category: ☘️浙江频道, Name: 金华新闻综合, Total: 7, Valid: 2, Valid Percent: 28.57%, Whitelist: 0, IPv4: 2, IPv6: 5, Min Delay: 3696 ms, Max Speed: 0.57 M/s, Avg Speed: 0.55 M/s, Max Resolution: 1920x1080
Category: ☘️浙江频道, Name: 舟山新闻综合, Total: 5, Valid: 1, Valid Percent: 20.00%, Whitelist: 0, IPv4: 1, IPv6: 4, Min Delay: 3343 ms, Max Speed: 0.58 M/s, Avg Speed: 0.58 M/s, Max Resolution: 1920x1080
Category: ☘️浙江频道, Name: 温州新闻综合, Total: 20, Valid: 20, Valid Percent: 100.00%, Whitelist: 0, IPv4: 20, IPv6: 0, Min Delay: 200 ms, Max Speed: 6.97 M/s, Avg Speed: 2.72 M/s, Max Resolution: 1280x720
Category: ☘️浙江频道, Name: 浙江经视, Total: 2, Valid: 2, Valid Percent: 100.00%, Whitelist: 0, IPv4: 0, IPv6: 2, Min Delay: 0.1 ms, Max Speed: 0.00 M/s, Avg Speed: 0.00 M/s, Max Resolution: 1920x1080
Category: ☘️浙江频道, Name: 浙江留学, Total: 2, Valid: 2, Valid Percent: 100.00%, Whitelist: 0, IPv4: 0, IPv6: 2, Min Delay: 0.1 ms, Max Speed: 0.00 M/s, Avg Speed: 0.00 M/s, Max Resolution: 1920x1080
Category: ☘️浙江频道, Name: 浙江民生休闲, Total: 36, Valid: 10, Valid Percent: 27.78%, Whitelist: 0, IPv4: 3, IPv6: 33, Min Delay: 0.1 ms, Max Speed: 1.25 M/s, Avg Speed: 0.28 M/s, Max Resolution: 1920x1080
Category: ☘️浙江频道, Name: 浙江数码时代, Total: 2, Valid: 2, Valid Percent: 100.00%, Whitelist: 0, IPv4: 0, IPv6: 2, Min Delay: 0.1 ms, Max Speed: 0.00 M/s, Avg Speed: 0.00 M/s, Max Resolution: 1920x1080
Category: ☘️浙江频道, Name: 浙江教科影院, Total: 1, Valid: 1, Valid Percent: 100.00%, Whitelist: 0, IPv4: 0, IPv6: 1, Min Delay: 0.1 ms, Max Speed: 0.00 M/s, Avg Speed: 0.00 M/s, Max Resolution: 1920x1080
Category: ☘️浙江频道, Name: 浙江教科影视, Total: 9, Valid: 8, Valid Percent: 88.89%, Whitelist: 0, IPv4: 4, IPv6: 5, Min Delay: 0.1 ms, Max Speed: 0.88 M/s, Avg Speed: 0.32 M/s, Max Resolution: 1920x1080
Category: ☘️浙江频道, Name: 浙江公共新闻, Total: 7, Valid: 3, Valid Percent: 42.86%, Whitelist: 0, IPv4: 0, IPv6: 7, Min Delay: 0.1 ms, Max Speed: 0.00 M/s, Avg Speed: 0.00 M/s, Max Resolution: 1920x1080
Category: ☘️浙江频道, Name: 浙江休闲台, Total: 1, Valid: 1, Valid Percent: 100.00%, Whitelist: 0, IPv4: 0, IPv6: 1, Min Delay: 0.1 ms, Max Speed: 0.00 M/s, Avg Speed: 0.00 M/s, Max Resolution: 1920x1080
Category: ☘️浙江频道, Name: 浙江青田, Total: 1, Valid: 0, Valid Percent: 0.00%, Whitelist: 0, IPv4: 0, IPv6: 1, Min Delay: -1 ms, Max Speed: 0.00 M/s, Avg Speed: 0.00 M/s, Max Resolution: None
Category: ☘️浙江频道, Name: 浙江遂昌, Total: 1, Valid: 1, Valid Percent: 100.00%, Whitelist: 0, IPv4: 0, IPv6: 1, Min Delay: 0.1 ms, Max Speed: 0.00 M/s, Avg Speed: 0.00 M/s, Max Resolution: 1920x1080
Category: ☘️浙江频道, Name: 诸暨新闻综合, Total: 8, Valid: 3, Valid Percent: 37.50%, Whitelist: 0, IPv4: 1, IPv6: 7, Min Delay: 0.1 ms, Max Speed: 1.02 M/s, Avg Speed: 0.34 M/s, Max Resolution: 1920x1080
Category: ☘️浙江频道, Name: 龙游生活娱乐, Total: 7, Valid: 2, Valid Percent: 28.57%, Whitelist: 0, IPv4: 0, IPv6: 7, Min Delay: 0.1 ms, Max Speed: 0.00 M/s, Avg Speed: 0.00 M/s, Max Resolution: 1920x1080
Category: ☘️浙江频道, Name: 龙游新闻综合, Total: 2, Valid: 2, Valid Percent: 100.00%, Whitelist: 0, IPv4: 0, IPv6: 2, Min Delay: 0.1 ms, Max Speed: 0.00 M/s, Avg Speed: 0.00 M/s, Max Resolution: 1920x1080
Category: ☘️浙江频道, Name: 龙泉新闻综合, Total: 2, Valid: 1, Valid Percent: 50.00%, Whitelist: 0, IPv4: 0, IPv6: 2, Min Delay: 0.1 ms, Max Speed: 0.00 M/s, Avg Speed: 0.00 M/s, Max Resolution: 1920x1080
Category: ☘️浙江频道, Name: 青田电视台, Total: 1, Valid: 1, Valid Percent: 100.00%, Whitelist: 0, IPv4: 0, IPv6: 1, Min Delay: 0.1 ms, Max Speed: 0.00 M/s, Avg Speed: 0.00 M/s, Max Resolution: 1920x1080
Category: ☘️浙江频道, Name: 遂昌综合, Total: 2, Valid: 2, Valid Percent: 100.00%, Whitelist: 0, IPv4: 1, IPv6: 1, Min Delay: 0.1 ms, Max Speed: 0.43 M/s, Avg Speed: 0.22 M/s, Max Resolution: 1920x1080
Category: ☘️浙江频道, Name: 遂昌新闻综合, Total: 1, Valid: 1, Valid Percent: 100.00%, Whitelist: 0, IPv4: 0, IPv6: 1, Min Delay: 0.1 ms, Max Speed: 0.00 M/s, Avg Speed: 0.00 M/s, Max Resolution: 1920x1080
Category: ☘️浙江频道, Name: 象山新闻综合, Total: 7, Valid: 0, Valid Percent: 0.00%, Whitelist: 0, IPv4: 0, IPv6: 7, Min Delay: -1 ms, Max Speed: 0.00 M/s, Avg Speed: 0.00 M/s, Max Resolution: None
Category: ☘️浙江频道, Name: 衢江新闻综合, Total: 7, Valid: 3, Valid Percent: 42.86%, Whitelist: 0, IPv4: 1, IPv6: 6, Min Delay: 0.1 ms, Max Speed: 0.26 M/s, Avg Speed: 0.09 M/s, Max Resolution: 1920x1080
Category: ☘️浙江频道, Name: 萧山生活, Total: 2, Valid: 2, Valid Percent: 100.00%, Whitelist: 0, IPv4: 0, IPv6: 2, Min Delay: 0.1 ms, Max Speed: 0.00 M/s, Avg Speed: 0.00 M/s, Max Resolution: 1920x1080
Category: ☘️浙江频道, Name: 萧山新闻综合, Total: 17, Valid: 10, Valid Percent: 58.82%, Whitelist: 0, IPv4: 0, IPv6: 17, Min Delay: 0.1 ms, Max Speed: 0.00 M/s, Avg Speed: 0.00 M/s, Max Resolution: 1920x1080
Category: ☘️浙江频道, Name: 苍南新闻综合, Total: 12, Valid: 3, Valid Percent: 25.00%, Whitelist: 0, IPv4: 0, IPv6: 12, Min Delay: 0.1 ms, Max Speed: 0.00 M/s, Avg Speed: 0.00 M/s, Max Resolution: 1920x1080
Category: ☘️浙江频道, Name: 缙云综合, Total: 3, Valid: 2, Valid Percent: 66.67%, Whitelist: 0, IPv4: 1, IPv6: 2, Min Delay: 0.1 ms, Max Speed: 0.55 M/s, Avg Speed: 0.28 M/s, Max Resolution: 1920x1080
Category: ☘️浙江频道, Name: 缙云新闻综合, Total: 1, Valid: 1, Valid Percent: 100.00%, Whitelist: 0, IPv4: 0, IPv6: 1, Min Delay: 0.1 ms, Max Speed: 0.00 M/s, Avg Speed: 0.00 M/s, Max Resolution: 1920x1080
Category: ☘️浙江频道, Name: 绍兴电视台公共, Total: 1, Valid: 1, Valid Percent: 100.00%, Whitelist: 0, IPv4: 1, IPv6: 0, Min Delay: 8398 ms, Max Speed: 0.09 M/s, Avg Speed: 0.09 M/s, Max Resolution: 1280x720
Category: ☘️浙江频道, Name: 绍兴新闻综合, Total: 21, Valid: 6, Valid Percent: 28.57%, Whitelist: 0, IPv4: 3, IPv6: 18, Min Delay: 0.1 ms, Max Speed: 0.75 M/s, Avg Speed: 0.28 M/s, Max Resolution: 1920x1080
Category: ☘️浙江频道, Name: 绍兴文化影院, Total: 5, Valid: 4, Valid Percent: 80.00%, Whitelist: 0, IPv4: 0, IPv6: 5, Min Delay: 0.1 ms, Max Speed: 0.00 M/s, Avg Speed: 0.00 M/s, Max Resolution: 1920x1080
Category: ☘️浙江频道, Name: 绍兴文化影视, Total: 5, Valid: 1, Valid Percent: 20.00%, Whitelist: 0, IPv4: 0, IPv6: 5, Min Delay: 0.1 ms, Max Speed: 0.00 M/s, Avg Speed: 0.00 M/s, Max Resolution: 1920x1080
Category: ☘️浙江频道, Name: 绍兴公共, Total: 13, Valid: 5, Valid Percent: 38.46%, Whitelist: 0, IPv4: 0, IPv6: 13, Min Delay: 0.1 ms, Max Speed: 0.00 M/s, Avg Speed: 0.00 M/s, Max Resolution: 1920x1080
Category: ☘️浙江频道, Name: 湖州公共民生, Total: 4, Valid: 0, Valid Percent: 0.00%, Whitelist: 0, IPv4: 0, IPv6: 4, Min Delay: -1 ms, Max Speed: 0.00 M/s, Avg Speed: 0.00 M/s, Max Resolution: None
Category: ☘️浙江频道, Name: 温州经济科教, Total: 24, Valid: 1, Valid Percent: 4.17%, Whitelist: 0, IPv4: 1, IPv6: 23, Min Delay: 537 ms, Max Speed: 0.09 M/s, Avg Speed: 0.09 M/s, Max Resolution: 1920x1080
Category: ☘️浙江频道, Name: 海宁生活服务, Total: 2, Valid: 0, Valid Percent: 0.00%, Whitelist: 0, IPv4: 0, IPv6: 2, Min Delay: -1 ms, Max Speed: 0.00 M/s, Avg Speed: 0.00 M/s, Max Resolution: None
Category: ☘️浙江频道, Name: 海宁新闻综合, Total: 8, Valid: 0, Valid Percent: 0.00%, Whitelist: 0, IPv4: 0, IPv6: 8, Min Delay: -1 ms, Max Speed: 0.00 M/s, Avg Speed: 0.00 M/s, Max Resolution: None
Category: ☘️浙江频道, Name: 洞头综合, Total: 1, Valid: 1, Valid Percent: 100.00%, Whitelist: 0, IPv4: 0, IPv6: 1, Min Delay: 0.1 ms, Max Speed: 0.00 M/s, Avg Speed: 0.00 M/s, Max Resolution: 1920x1080
Category: ☘️浙江频道, Name: 永嘉新闻综合, Total: 10, Valid: 2, Valid Percent: 20.00%, Whitelist: 0, IPv4: 0, IPv6: 10, Min Delay: 0.1 ms, Max Speed: 0.00 M/s, Avg Speed: 0.00 M/s, Max Resolution: 1920x1080
Category: ☘️浙江频道, Name: 武义新闻综合, Total: 7, Valid: 4, Valid Percent: 57.14%, Whitelist: 0, IPv4: 1, IPv6: 6, Min Delay: 0.1 ms, Max Speed: 0.21 M/s, Avg Speed: 0.05 M/s, Max Resolution: 1920x1080
Category: ☘️浙江频道, Name: 松阳综合, Total: 3, Valid: 1, Valid Percent: 33.33%, Whitelist: 0, IPv4: 0, IPv6: 3, Min Delay: 0.1 ms, Max Speed: 0.00 M/s, Avg Speed: 0.00 M/s, Max Resolution: 1920x1080
Category: ☘️浙江频道, Name: 松阳新闻综合, Total: 1, Valid: 1, Valid Percent: 100.00%, Whitelist: 0, IPv4: 0, IPv6: 1, Min Delay: 0.1 ms, Max Speed: 0.00 M/s, Avg Speed: 0.00 M/s, Max Resolution: 1920x1080
Category: ☘️浙江频道, Name: 普陀电视台, Total: 3, Valid: 2, Valid Percent: 66.67%, Whitelist: 0, IPv4: 0, IPv6: 3, Min Delay: 0.1 ms, Max Speed: 0.00 M/s, Avg Speed: 0.00 M/s, Max Resolution: 1920x1080
Category: ☘️浙江频道, Name: 普陀新闻综合, Total: 1, Valid: 1, Valid Percent: 100.00%, Whitelist: 0, IPv4: 0, IPv6: 1, Min Delay: 0.1 ms, Max Speed: 0.00 M/s, Avg Speed: 0.00 M/s, Max Resolution: 1920x1080
Category: ☘️浙江频道, Name: 新昌生活, Total: 1, Valid: 1, Valid Percent: 100.00%, Whitelist: 0, IPv4: 0, IPv6: 1, Min Delay: 0.1 ms, Max Speed: 0.00 M/s, Avg Speed: 0.00 M/s, Max Resolution: 1920x1080
Category: ☘️浙江频道, Name: 新昌新闻综合, Total: 11, Valid: 7, Valid Percent: 63.64%, Whitelist: 0, IPv4: 3, IPv6: 8, Min Delay: 0.1 ms, Max Speed: 0.31 M/s, Avg Speed: 0.12 M/s, Max Resolution: 1920x1080
Category: ☘️浙江频道, Name: 文成综合, Total: 3, Valid: 1, Valid Percent: 33.33%, Whitelist: 0, IPv4: 0, IPv6: 3, Min Delay: 0.1 ms, Max Speed: 0.00 M/s, Avg Speed: 0.00 M/s, Max Resolution: 1920x1080
Category: ☘️浙江频道, Name: 文成新闻综合, Total: 1, Valid: 1, Valid Percent: 100.00%, Whitelist: 0, IPv4: 0, IPv6: 1, Min Delay: 0.1 ms, Max Speed: 0.00 M/s, Avg Speed: 0.00 M/s, Max Resolution: 1920x1080
Category: ☘️浙江频道, Name: 数码时代, Total: 1, Valid: 1, Valid Percent: 100.00%, Whitelist: 0, IPv4: 0, IPv6: 1, Min Delay: 0.1 ms, Max Speed: 0.00 M/s, Avg Speed: 0.00 M/s, Max Resolution: 1920x1080
Category: ☘️浙江频道, Name: 开化新闻综合, Total: 3, Valid: 2, Valid Percent: 66.67%, Whitelist: 0, IPv4: 0, IPv6: 3, Min Delay: 0.1 ms, Max Speed: 0.00 M/s, Avg Speed: 0.00 M/s, Max Resolution: 1920x1080
Category: ☘️浙江频道, Name: 开化国家公园, Total: 1, Valid: 1, Valid Percent: 100.00%, Whitelist: 0, IPv4: 0, IPv6: 1, Min Delay: 0.1 ms, Max Speed: 0.00 M/s, Avg Speed: 0.00 M/s, Max Resolution: 1920x1080
Category: ☘️浙江频道, Name: 庆元综合, Total: 2, Valid: 2, Valid Percent: 100.00%, Whitelist: 0, IPv4: 0, IPv6: 2, Min Delay: 0.1 ms, Max Speed: 0.00 M/s, Avg Speed: 0.00 M/s, Max Resolution: 1920x1080
Category: ☘️浙江频道, Name: 庆元新闻综合, Total: 1, Valid: 1, Valid Percent: 100.00%, Whitelist: 0, IPv4: 0, IPv6: 1, Min Delay: 0.1 ms, Max Speed: 0.00 M/s, Avg Speed: 0.00 M/s, Max Resolution: 1920x1080
Category: ☘️浙江频道, Name: 平湖民生休闲, Total: 1, Valid: 1, Valid Percent: 100.00%, Whitelist: 0, IPv4: 0, IPv6: 1, Min Delay: 0.1 ms, Max Speed: 0.00 M/s, Avg Speed: 0.00 M/s, Max Resolution: 1920x1080
Category: ☘️浙江频道, Name: 平湖新闻综合, Total: 13, Valid: 5, Valid Percent: 38.46%, Whitelist: 0, IPv4: 0, IPv6: 13, Min Delay: 0.1 ms, Max Speed: 0.00 M/s, Avg Speed: 0.00 M/s, Max Resolution: 1920x1080
Category: ☘️浙江频道, Name: 嵊泗综合, Total: 6, Valid: 3, Valid Percent: 50.00%, Whitelist: 0, IPv4: 0, IPv6: 6, Min Delay: 0.1 ms, Max Speed: 0.00 M/s, Avg Speed: 0.00 M/s, Max Resolution: 1920x1080
Category: ☘️浙江频道, Name: 嵊泗新闻综合, Total: 1, Valid: 1, Valid Percent: 100.00%, Whitelist: 0, IPv4: 0, IPv6: 1, Min Delay: 0.1 ms, Max Speed: 0.00 M/s, Avg Speed: 0.00 M/s, Max Resolution: 1920x1080
Category: ☘️浙江频道, Name: 嵊州新闻综合, Total: 6, Valid: 0, Valid Percent: 0.00%, Whitelist: 0, IPv4: 0, IPv6: 6, Min Delay: -1 ms, Max Speed: 0.00 M/s, Avg Speed: 0.00 M/s, Max Resolution: None
Category: ☘️浙江频道, Name: 兰溪新闻综合, Total: 6, Valid: 3, Valid Percent: 50.00%, Whitelist: 0, IPv4: 0, IPv6: 6, Min Delay: 0.1 ms, Max Speed: 0.00 M/s, Avg Speed: 0.00 M/s, Max Resolution: 1920x1080
Category: ☘️浙江频道, Name: 余杭综合, Total: 1, Valid: 1, Valid Percent: 100.00%, Whitelist: 0, IPv4: 0, IPv6: 1, Min Delay: 0.1 ms, Max Speed: 0.00 M/s, Avg Speed: 0.00 M/s, Max Resolution: 1920x1080
Category: ☘️浙江频道, Name: 余杭未来E, Total: 1, Valid: 1, Valid Percent: 100.00%, Whitelist: 0, IPv4: 0, IPv6: 1, Min Delay: 0.1 ms, Max Speed: 0.00 M/s, Avg Speed: 0.00 M/s, Max Resolution: 1920x1080
Category: ☘️浙江频道, Name: 余姚综合, Total: 1, Valid: 1, Valid Percent: 100.00%, Whitelist: 0, IPv4: 0, IPv6: 1, Min Delay: 0.1 ms, Max Speed: 0.00 M/s, Avg Speed: 0.00 M/s, Max Resolution: 1920x1080
Category: ☘️浙江频道, Name: 余姚新闻综合, Total: 1, Valid: 1, Valid Percent: 100.00%, Whitelist: 0, IPv4: 0, IPv6: 1, Min Delay: 0.1 ms, Max Speed: 0.00 M/s, Avg Speed: 0.00 M/s, Max Resolution: 1920x1080
Category: ☘️浙江频道, Name: 余姚姚江文化, Total: 3, Valid: 3, Valid Percent: 100.00%, Whitelist: 0, IPv4: 0, IPv6: 3, Min Delay: 0.1 ms, Max Speed: 0.00 M/s, Avg Speed: 0.00 M/s, Max Resolution: 1920x1080
Category: ☘️浙江频道, Name: 云和新闻综合, Total: 1, Valid: 1, Valid Percent: 100.00%, Whitelist: 0, IPv4: 0, IPv6: 1, Min Delay: 0.1 ms, Max Speed: 0.00 M/s, Avg Speed: 0.00 M/s, Max Resolution: 1920x1080
Category: ☘️浙江频道, Name: 义乌新闻综合, Total: 1, Valid: 0, Valid Percent: 0.00%, Whitelist: 0, IPv4: 0, IPv6: 1, Min Delay: -1 ms, Max Speed: 0.00 M/s, Avg Speed: 0.00 M/s, Max Resolution: None
Category: ☘️浙江频道, Name: 中国蓝新闻, Total: 2, Valid: 2, Valid Percent: 100.00%, Whitelist: 0, IPv4: 0, IPv6: 2, Min Delay: 0.1 ms, Max Speed: 0.00 M/s, Avg Speed: 0.00 M/s, Max Resolution: 1920x1080
Category: ☘️浙江频道, Name: 东阳影视生活, Total: 2, Valid: 1, Valid Percent: 50.00%, Whitelist: 0, IPv4: 1, IPv6: 1, Min Delay: 0.1 ms, Max Speed: 0.00 M/s, Avg Speed: 0.00 M/s, Max Resolution: 1920x1080
Category: ☘️浙江频道, Name: 上虞新闻综合, Total: 12, Valid: 2, Valid Percent: 16.67%, Whitelist: 0, IPv4: 1, IPv6: 11, Min Delay: 0.1 ms, Max Speed: 1.15 M/s, Avg Speed: 0.58 M/s, Max Resolution: 1920x1080
Category: ☘️浙江频道, Name: 上虞新商都, Total: 19, Valid: 8, Valid Percent: 42.11%, Whitelist: 0, IPv4: 1, IPv6: 18, Min Delay: 0.1 ms, Max Speed: 1.09 M/s, Avg Speed: 0.14 M/s, Max Resolution: 1920x1080
Category: ☘️浙江频道, Name: 上虞文化影院, Total: 8, Valid: 4, Valid Percent: 50.00%, Whitelist: 0, IPv4: 0, IPv6: 8, Min Delay: 0.1 ms, Max Speed: 0.00 M/s, Avg Speed: 0.00 M/s, Max Resolution: 1920x1080
Category: ☘️浙江频道, Name: 上虞文化影视, Total: 5, Valid: 1, Valid Percent: 20.00%, Whitelist: 0, IPv4: 0, IPv6: 5, Min Delay: 0.1 ms, Max Speed: 0.00 M/s, Avg Speed: 0.00 M/s, Max Resolution: 1920x1080
Category: ☘️北京频道, Name: 北京卡酷少儿, Total: 117, Valid: 16, Valid Percent: 13.68%, Whitelist: 0, IPv4: 20, IPv6: 97, Min Delay: 481 ms, Max Speed: 4.54 M/s, Avg Speed: 0.63 M/s, Max Resolution: 1920x1080
Category: ☘️北京频道, Name: 北京新闻, Total: 85, Valid: 13, Valid Percent: 15.29%, Whitelist: 0, IPv4: 4, IPv6: 81, Min Delay: 0.1 ms, Max Speed: 6.91 M/s, Avg Speed: 0.55 M/s, Max Resolution: 1920x1080
Category: ☘️北京频道, Name: 北京生活, Total: 83, Valid: 7, Valid Percent: 8.43%, Whitelist: 0, IPv4: 4, IPv6: 79, Min Delay: 0.1 ms, Max Speed: 0.11 M/s, Avg Speed: 0.04 M/s, Max Resolution: 1920x1080
Category: ☘️北京频道, Name: 北京科教, Total: 2, Valid: 1, Valid Percent: 50.00%, Whitelist: 0, IPv4: 1, IPv6: 1, Min Delay: 1038 ms, Max Speed: 0.09 M/s, Avg Speed: 0.09 M/s, Max Resolution: None
Category: ☘️北京频道, Name: 北京财经, Total: 82, Valid: 6, Valid Percent: 7.32%, Whitelist: 0, IPv4: 3, IPv6: 79, Min Delay: 0.1 ms, Max Speed: 0.27 M/s, Avg Speed: 0.06 M/s, Max Resolution: 1920x1080
Category: ☘️北京频道, Name: 北京青年, Total: 1, Valid: 1, Valid Percent: 100.00%, Whitelist: 0, IPv4: 1, IPv6: 0, Min Delay: 23 ms, Max Speed: 3.74 M/s, Avg Speed: 3.74 M/s, Max Resolution: 19x24
Category: ☘️北京频道, Name: 清华大学电视台, Total: 1, Valid: 0, Valid Percent: 0.00%, Whitelist: 0, IPv4: 0, IPv6: 1, Min Delay: -1 ms, Max Speed: 0.00 M/s, Avg Speed: 0.00 M/s, Max Resolution: None
Category: ☘️上海频道, Name: 七彩戏剧, Total: 7, Valid: 2, Valid Percent: 28.57%, Whitelist: 0, IPv4: 3, IPv6: 4, Min Delay: 0.1 ms, Max Speed: 0.00 M/s, Avg Speed: 0.00 M/s, Max Resolution: 1920x1080
Category: ☘️上海频道, Name: 上海外语, Total: 3, Valid: 3, Valid Percent: 100.00%, Whitelist: 0, IPv4: 0, IPv6: 3, Min Delay: 0.1 ms, Max Speed: 0.00 M/s, Avg Speed: 0.00 M/s, Max Resolution: 1920x1080
Category: ☘️上海频道, Name: 上海教育, Total: 7, Valid: 5, Valid Percent: 71.43%, Whitelist: 0, IPv4: 5, IPv6: 2, Min Delay: 304 ms, Max Speed: 60.20 M/s, Avg Speed: 13.06 M/s, Max Resolution: 1920x1080
Category: ☘️上海频道, Name: 上海新闻综合, Total: 128, Valid: 5, Valid Percent: 3.91%, Whitelist: 0, IPv4: 5, IPv6: 123, Min Delay: 0.1 ms, Max Speed: 4.15 M/s, Avg Speed: 1.09 M/s, Max Resolution: 1920x1080
Category: ☘️上海频道, Name: 上海第一财经, Total: 99, Valid: 0, Valid Percent: 0.00%, Whitelist: 0, IPv4: 1, IPv6: 98, Min Delay: 117 ms, Max Speed: 0.00 M/s, Avg Speed: 0.00 M/s, Max Resolution: None
Category: ☘️上海频道, Name: 上海纪实, Total: 12, Valid: 3, Valid Percent: 25.00%, Whitelist: 0, IPv4: 0, IPv6: 12, Min Delay: 0.1 ms, Max Speed: 0.00 M/s, Avg Speed: 0.00 M/s, Max Resolution: 1920x1080
Category: ☘️上海频道, Name: 上海都市, Total: 104, Valid: 17, Valid Percent: 16.35%, Whitelist: 0, IPv4: 5, IPv6: 99, Min Delay: 0.1 ms, Max Speed: 27.93 M/s, Avg Speed: 2.21 M/s, Max Resolution: 1920x1080
Category: ☘️上海频道, Name: 上视外语, Total: 1, Valid: 0, Valid Percent: 0.00%, Whitelist: 0, IPv4: 0, IPv6: 1, Min Delay: -1 ms, Max Speed: 0.00 M/s, Avg Speed: 0.00 M/s, Max Resolution: None
Category: ☘️上海频道, Name: 上视新闻, Total: 1, Valid: 0, Valid Percent: 0.00%, Whitelist: 0, IPv4: 0, IPv6: 1, Min Delay: -1 ms, Max Speed: 0.00 M/s, Avg Speed: 0.00 M/s, Max Resolution: None
Category: ☘️上海频道, Name: 东方影视, Total: 86, Valid: 17, Valid Percent: 19.77%, Whitelist: 0, IPv4: 9, IPv6: 77, Min Delay: 0.1 ms, Max Speed: 3.93 M/s, Avg Speed: 0.64 M/s, Max Resolution: 1920x1080
Category: ☘️上海频道, Name: 东方财经, Total: 15, Valid: 9, Valid Percent: 60.00%, Whitelist: 0, IPv4: 7, IPv6: 8, Min Delay: 0.1 ms, Max Speed: 7.74 M/s, Avg Speed: 0.98 M/s, Max Resolution: 1920x1080
Category: ☘️上海频道, Name: 全纪实, Total: 3, Valid: 0, Valid Percent: 0.00%, Whitelist: 0, IPv4: 0, IPv6: 3, Min Delay: -1 ms, Max Speed: 0.00 M/s, Avg Speed: 0.00 M/s, Max Resolution: None
Category: ☘️上海频道, Name: 动漫秀场, Total: 95, Valid: 29, Valid Percent: 30.53%, Whitelist: 0, IPv4: 24, IPv6: 71, Min Delay: 0.1 ms, Max Speed: 2.03 M/s, Avg Speed: 0.23 M/s, Max Resolution: 1920x1080
Category: ☘️上海频道, Name: 哈哈炫动, Total: 124, Valid: 25, Valid Percent: 20.16%, Whitelist: 0, IPv4: 11, IPv6: 113, Min Delay: 0.1 ms, Max Speed: 7.09 M/s, Avg Speed: 0.59 M/s, Max Resolution: 3840x2160
Category: ☘️上海频道, Name: 新闻综合, Total: 103, Valid: 15, Valid Percent: 14.56%, Whitelist: 0, IPv4: 0, IPv6: 103, Min Delay: 0.1 ms, Max Speed: 0.00 M/s, Avg Speed: 0.00 M/s, Max Resolution: 1920x1080
Category: ☘️上海频道, Name: 欢笑剧场, Total: 90, Valid: 38, Valid Percent: 42.22%, Whitelist: 0, IPv4: 36, IPv6: 54, Min Delay: 0.1 ms, Max Speed: 1.01 M/s, Avg Speed: 0.64 M/s, Max Resolution: 3840x2160
Category: ☘️上海频道, Name: 法治天地, Total: 35, Valid: 10, Valid Percent: 28.57%, Whitelist: 0, IPv4: 13, IPv6: 22, Min Delay: 0.1 ms, Max Speed: 5.79 M/s, Avg Speed: 0.69 M/s, Max Resolution: 1920x1080
Category: ☘️上海频道, Name: 生活时尚, Total: 101, Valid: 43, Valid Percent: 42.57%, Whitelist: 0, IPv4: 44, IPv6: 57, Min Delay: 0.1 ms, Max Speed: 3.07 M/s, Avg Speed: 0.38 M/s, Max Resolution: 1920x1080
Category: ☘️上海频道, Name: 第一财经, Total: 150, Valid: 20, Valid Percent: 13.33%, Whitelist: 0, IPv4: 3, IPv6: 147, Min Delay: 0.1 ms, Max Speed: 0.09 M/s, Avg Speed: 0.01 M/s, Max Resolution: 1920x1080
Category: ☘️上海频道, Name: 纪实人文, Total: 14, Valid: 0, Valid Percent: 0.00%, Whitelist: 0, IPv4: 2, IPv6: 12, Min Delay: 504 ms, Max Speed: 0.00 M/s, Avg Speed: 0.00 M/s, Max Resolution: None
Category: ☘️上海频道, Name: 都市剧场, Total: 107, Valid: 37, Valid Percent: 34.58%, Whitelist: 0, IPv4: 46, IPv6: 61, Min Delay: 17 ms, Max Speed: 6.61 M/s, Avg Speed: 0.59 M/s, Max Resolution: 1920x1080
Category: ☘️上海频道, Name: 金山电视台, Total: 6, Valid: 0, Valid Percent: 0.00%, Whitelist: 0, IPv4: 0, IPv6: 6, Min Delay: -1 ms, Max Speed: 0.00 M/s, Avg Speed: 0.00 M/s, Max Resolution: None
Category: ☘️上海频道, Name: 金色频道, Total: 2, Valid: 0, Valid Percent: 0.00%, Whitelist: 0, IPv4: 2, IPv6: 0, Min Delay: 459 ms, Max Speed: 0.00 M/s, Avg Speed: 0.00 M/s, Max Resolution: None
Category: ☘️重庆频道, Name: 璧山综合, Total: 1, Valid: 1, Valid Percent: 100.00%, Whitelist: 0, IPv4: 1, IPv6: 0, Min Delay: 8763 ms, Max Speed: 0.46 M/s, Avg Speed: 0.46 M/s, Max Resolution: 1920x1080
Category: ☘️重庆频道, Name: 铜梁综合, Total: 21, Valid: 21, Valid Percent: 100.00%, Whitelist: 0, IPv4: 21, IPv6: 0, Min Delay: 5272 ms, Max Speed: 0.24 M/s, Avg Speed: 0.15 M/s, Max Resolution: 720x576
Category: ☘️重庆频道, Name: 重庆汽摩, Total: 3, Valid: 3, Valid Percent: 100.00%, Whitelist: 0, IPv4: 3, IPv6: 0, Min Delay: 512 ms, Max Speed: 0.19 M/s, Avg Speed: 0.09 M/s, Max Resolution: 720x404
Category: ☘️重庆频道, Name: 荣昌综合, Total: 2, Valid: 2, Valid Percent: 100.00%, Whitelist: 0, IPv4: 2, IPv6: 0, Min Delay: 2430 ms, Max Speed: 0.19 M/s, Avg Speed: 0.18 M/s, Max Resolution: 720x404
Category: ☘️重庆频道, Name: 潼南综合, Total: 1, Valid: 1, Valid Percent: 100.00%, Whitelist: 0, IPv4: 1, IPv6: 0, Min Delay: 4252 ms, Max Speed: 0.35 M/s, Avg Speed: 0.35 M/s, Max Resolution: 1920x1080
Category: ☘️重庆频道, Name: 涪陵电视台, Total: 1, Valid: 1, Valid Percent: 100.00%, Whitelist: 0, IPv4: 1, IPv6: 0, Min Delay: 10417 ms, Max Speed: 0.22 M/s, Avg Speed: 0.22 M/s, Max Resolution: 1920x1080
Category: ☘️重庆频道, Name: 江津新闻综合, Total: 3, Valid: 0, Valid Percent: 0.00%, Whitelist: 0, IPv4: 0, IPv6: 3, Min Delay: -1 ms, Max Speed: 0.00 M/s, Avg Speed: 0.00 M/s, Max Resolution: None
Category: ☘️重庆频道, Name: 武隆综合, Total: 1, Valid: 1, Valid Percent: 100.00%, Whitelist: 0, IPv4: 1, IPv6: 0, Min Delay: 3030 ms, Max Speed: 0.50 M/s, Avg Speed: 0.50 M/s, Max Resolution: 720x576
Category: ☘️重庆频道, Name: 垫江综合, Total: 1, Valid: 0, Valid Percent: 0.00%, Whitelist: 0, IPv4: 1, IPv6: 0, Min Delay: -1 ms, Max Speed: 0.00 M/s, Avg Speed: 0.00 M/s, Max Resolution: 1920x1080
Category: ☘️重庆频道, Name: 万州综合, Total: 1, Valid: 0, Valid Percent: 0.00%, Whitelist: 0, IPv4: 0, IPv6: 1, Min Delay: -1 ms, Max Speed: 0.00 M/s, Avg Speed: 0.00 M/s, Max Resolution: None
Category: ☘️重庆频道, Name: 万州三峡移民, Total: 23, Valid: 0, Valid Percent: 0.00%, Whitelist: 0, IPv4: 0, IPv6: 23, Min Delay: -1 ms, Max Speed: 0.00 M/s, Avg Speed: 0.00 M/s, Max Resolution: None
Category: ☘️重庆频道, Name: 重庆新闻, Total: 2, Valid: 1, Valid Percent: 50.00%, Whitelist: 0, IPv4: 1, IPv6: 1, Min Delay: 3303 ms, Max Speed: 0.87 M/s, Avg Speed: 0.87 M/s, Max Resolution: 1280x720
Category: ☘️重庆频道, Name: 重庆时尚购物, Total: 1, Valid: 0, Valid Percent: 0.00%, Whitelist: 0, IPv4: 1, IPv6: 0, Min Delay: 456 ms, Max Speed: 0.00 M/s, Avg Speed: 0.00 M/s, Max Resolution: None
Category: ☘️江苏频道, Name: 东海新闻, Total: 3, Valid: 0, Valid Percent: 0.00%, Whitelist: 0, IPv4: 2, IPv6: 1, Min Delay: 469 ms, Max Speed: 0.00 M/s, Avg Speed: 0.00 M/s, Max Resolution: None
Category: ☘️江苏频道, Name: 优漫卡通, Total: 135, Valid: 19, Valid Percent: 14.07%, Whitelist: 0, IPv4: 8, IPv6: 127, Min Delay: 0.1 ms, Max Speed: 4.71 M/s, Avg Speed: 0.98 M/s, Max Resolution: 1920x1080
Category: ☘️江苏频道, Name: 南京信息, Total: 2, Valid: 1, Valid Percent: 50.00%, Whitelist: 0, IPv4: 1, IPv6: 1, Min Delay: 0.1 ms, Max Speed: 0.00 M/s, Avg Speed: 0.00 M/s, Max Resolution: 1920x1080
Category: ☘️江苏频道, Name: 南京十八, Total: 53, Valid: 4, Valid Percent: 7.55%, Whitelist: 0, IPv4: 2, IPv6: 51, Min Delay: 0.1 ms, Max Speed: 0.00 M/s, Avg Speed: 0.00 M/s, Max Resolution: 1920x1080
Category: ☘️江苏频道, Name: 南京娱乐, Total: 2, Valid: 1, Valid Percent: 50.00%, Whitelist: 0, IPv4: 1, IPv6: 1, Min Delay: 0.1 ms, Max Speed: 0.00 M/s, Avg Speed: 0.00 M/s, Max Resolution: 1920x1080
Category: ☘️江苏频道, Name: 南京少儿, Total: 8, Valid: 2, Valid Percent: 25.00%, Whitelist: 0, IPv4: 1, IPv6: 7, Min Delay: 0.1 ms, Max Speed: 0.00 M/s, Avg Speed: 0.00 M/s, Max Resolution: 1920x1080
Category: ☘️江苏频道, Name: 南京教科, Total: 97, Valid: 4, Valid Percent: 4.12%, Whitelist: 0, IPv4: 0, IPv6: 97, Min Delay: 0.1 ms, Max Speed: 0.00 M/s, Avg Speed: 0.00 M/s, Max Resolution: 1920x1080
Category: ☘️江苏频道, Name: 南京新闻综合, Total: 52, Valid: 5, Valid Percent: 9.62%, Whitelist: 0, IPv4: 1, IPv6: 51, Min Delay: 0.1 ms, Max Speed: 0.30 M/s, Avg Speed: 0.06 M/s, Max Resolution: 1920x1080
Category: ☘️江苏频道, Name: 南京生活, Total: 2, Valid: 1, Valid Percent: 50.00%, Whitelist: 0, IPv4: 1, IPv6: 1, Min Delay: 0.1 ms, Max Speed: 0.00 M/s, Avg Speed: 0.00 M/s, Max Resolution: 1920x1080
Category: ☘️江苏频道, Name: 南通新闻综合, Total: 65, Valid: 0, Valid Percent: 0.00%, Whitelist: 0, IPv4: 2, IPv6: 63, Min Delay: 127 ms, Max Speed: 0.00 M/s, Avg Speed: 0.00 M/s, Max Resolution: 720x576
Category: ☘️江苏频道, Name: 句容党建, Total: 4, Valid: 4, Valid Percent: 100.00%, Whitelist: 0, IPv4: 4, IPv6: 0, Min Delay: 1672 ms, Max Speed: 0.38 M/s, Avg Speed: 0.27 M/s, Max Resolution: 1280x720
Category: ☘️江苏频道, Name: 句容影院, Total: 1, Valid: 1, Valid Percent: 100.00%, Whitelist: 0, IPv4: 1, IPv6: 0, Min Delay: 1462 ms, Max Speed: 0.25 M/s, Avg Speed: 0.25 M/s, Max Resolution: 720x576
Category: ☘️江苏频道, Name: 句容新闻综合, Total: 2, Valid: 2, Valid Percent: 100.00%, Whitelist: 0, IPv4: 2, IPv6: 0, Min Delay: 2449 ms, Max Speed: 0.51 M/s, Avg Speed: 0.50 M/s, Max Resolution: 720x576
Category: ☘️江苏频道, Name: 句容生活, Total: 2, Valid: 2, Valid Percent: 100.00%, Whitelist: 0, IPv4: 2, IPv6: 0, Min Delay: 2176 ms, Max Speed: 0.43 M/s, Avg Speed: 0.43 M/s, Max Resolution: 720x576
Category: ☘️江苏频道, Name: 大丰公共, Total: 2, Valid: 0, Valid Percent: 0.00%, Whitelist: 0, IPv4: 0, IPv6: 2, Min Delay: -1 ms, Max Speed: 0.00 M/s, Avg Speed: 0.00 M/s, Max Resolution: None
Category: ☘️江苏频道, Name: 如东新闻综合, Total: 24, Valid: 0, Valid Percent: 0.00%, Whitelist: 0, IPv4: 0, IPv6: 24, Min Delay: -1 ms, Max Speed: 0.00 M/s, Avg Speed: 0.00 M/s, Max Resolution: None
Category: ☘️江苏频道, Name: 宜兴新闻, Total: 3, Valid: 0, Valid Percent: 0.00%, Whitelist: 0, IPv4: 0, IPv6: 3, Min Delay: -1 ms, Max Speed: 0.00 M/s, Avg Speed: 0.00 M/s, Max Resolution: None
Category: ☘️江苏频道, Name: 宜兴紫砂, Total: 2, Valid: 1, Valid Percent: 50.00%, Whitelist: 0, IPv4: 2, IPv6: 0, Min Delay: 4120 ms, Max Speed: 0.07 M/s, Avg Speed: 0.07 M/s, Max Resolution: 1280x720
Category: ☘️江苏频道, Name: 宿迁公共, Total: 2, Valid: 0, Valid Percent: 0.00%, Whitelist: 0, IPv4: 1, IPv6: 1, Min Delay: 485 ms, Max Speed: 0.00 M/s, Avg Speed: 0.00 M/s, Max Resolution: None
Category: ☘️江苏频道, Name: 常州公共, Total: 2, Valid: 0, Valid Percent: 0.00%, Whitelist: 0, IPv4: 1, IPv6: 1, Min Delay: 1373 ms, Max Speed: 0.00 M/s, Avg Speed: 0.00 M/s, Max Resolution: None
Category: ☘️江苏频道, Name: 常州新闻综合, Total: 1, Valid: 1, Valid Percent: 100.00%, Whitelist: 0, IPv4: 1, IPv6: 0, Min Delay: 1926 ms, Max Speed: 0.38 M/s, Avg Speed: 0.38 M/s, Max Resolution: 1920x1080
Category: ☘️江苏频道, Name: 常州生活, Total: 2, Valid: 0, Valid Percent: 0.00%, Whitelist: 0, IPv4: 1, IPv6: 1, Min Delay: 493 ms, Max Speed: 0.00 M/s, Avg Speed: 0.00 M/s, Max Resolution: None
Category: ☘️江苏频道, Name: 常州都市, Total: 2, Valid: 0, Valid Percent: 0.00%, Whitelist: 0, IPv4: 1, IPv6: 1, Min Delay: 501 ms, Max Speed: 0.00 M/s, Avg Speed: 0.00 M/s, Max Resolution: None
Category: ☘️江苏频道, Name: 常熟民生, Total: 1, Valid: 0, Valid Percent: 0.00%, Whitelist: 0, IPv4: 1, IPv6: 0, Min Delay: -1 ms, Max Speed: 0.00 M/s, Avg Speed: 0.00 M/s, Max Resolution: 1280x720
Category: ☘️江苏频道, Name: 徐州-1, Total: 1, Valid: 1, Valid Percent: 100.00%, Whitelist: 0, IPv4: 1, IPv6: 0, Min Delay: 1787 ms, Max Speed: 0.35 M/s, Avg Speed: 0.35 M/s, Max Resolution: 720x576
Category: ☘️江苏频道, Name: 徐州公共, Total: 2, Valid: 0, Valid Percent: 0.00%, Whitelist: 0, IPv4: 1, IPv6: 1, Min Delay: 553 ms, Max Speed: 0.00 M/s, Avg Speed: 0.00 M/s, Max Resolution: None
Category: ☘️江苏频道, Name: 徐州新聞綜合, Total: 1, Valid: 1, Valid Percent: 100.00%, Whitelist: 0, IPv4: 0, IPv6: 1, Min Delay: 0.1 ms, Max Speed: 0.00 M/s, Avg Speed: 0.00 M/s, Max Resolution: 1920x1080
Category: ☘️江苏频道, Name: 新沂新闻, Total: 1, Valid: 1, Valid Percent: 100.00%, Whitelist: 0, IPv4: 0, IPv6: 1, Min Delay: 0.1 ms, Max Speed: 0.00 M/s, Avg Speed: 0.00 M/s, Max Resolution: 1920x1080
Category: ☘️江苏频道, Name: 新沂生活, Total: 1, Valid: 1, Valid Percent: 100.00%, Whitelist: 0, IPv4: 0, IPv6: 1, Min Delay: 0.1 ms, Max Speed: 0.00 M/s, Avg Speed: 0.00 M/s, Max Resolution: 1920x1080
Category: ☘️江苏频道, Name: 无锡娱乐, Total: 8, Valid: 4, Valid Percent: 50.00%, Whitelist: 0, IPv4: 0, IPv6: 8, Min Delay: 0.1 ms, Max Speed: 0.00 M/s, Avg Speed: 0.00 M/s, Max Resolution: 1920x1080
Category: ☘️江苏频道, Name: 无锡新闻综合, Total: 9, Valid: 3, Valid Percent: 33.33%, Whitelist: 0, IPv4: 0, IPv6: 9, Min Delay: 0.1 ms, Max Speed: 0.00 M/s, Avg Speed: 0.00 M/s, Max Resolution: 1920x1080
Category: ☘️江苏频道, Name: 无锡生活, Total: 8, Valid: 4, Valid Percent: 50.00%, Whitelist: 0, IPv4: 0, IPv6: 8, Min Delay: 0.1 ms, Max Speed: 0.00 M/s, Avg Speed: 0.00 M/s, Max Resolution: 1920x1080
Category: ☘️江苏频道, Name: 无锡经济, Total: 10, Valid: 2, Valid Percent: 20.00%, Whitelist: 0, IPv4: 0, IPv6: 10, Min Delay: 0.1 ms, Max Speed: 0.00 M/s, Avg Speed: 0.00 M/s, Max Resolution: 1920x1080
Category: ☘️江苏频道, Name: 无锡都市资讯, Total: 6, Valid: 2, Valid Percent: 33.33%, Whitelist: 0, IPv4: 0, IPv6: 6, Min Delay: 0.1 ms, Max Speed: 0.00 M/s, Avg Speed: 0.00 M/s, Max Resolution: 1920x1080
Category: ☘️江苏频道, Name: 武进新闻, Total: 2, Valid: 2, Valid Percent: 100.00%, Whitelist: 0, IPv4: 2, IPv6: 0, Min Delay: 4013 ms, Max Speed: 0.07 M/s, Avg Speed: 0.07 M/s, Max Resolution: 720x576
Category: ☘️江苏频道, Name: 武进生活, Total: 4, Valid: 4, Valid Percent: 100.00%, Whitelist: 0, IPv4: 4, IPv6: 0, Min Delay: 4406 ms, Max Speed: 0.08 M/s, Avg Speed: 0.08 M/s, Max Resolution: 720x576
Category: ☘️江苏频道, Name: 江宁新闻, Total: 1, Valid: 0, Valid Percent: 0.00%, Whitelist: 0, IPv4: 0, IPv6: 1, Min Delay: -1 ms, Max Speed: 0.00 M/s, Avg Speed: 0.00 M/s, Max Resolution: None
Category: ☘️江苏频道, Name: 江苏体育, Total: 46, Valid: 1, Valid Percent: 2.17%, Whitelist: 0, IPv4: 2, IPv6: 44, Min Delay: 1201 ms, Max Speed: 0.25 M/s, Avg Speed: 0.25 M/s, Max Resolution: None
Category: ☘️江苏频道, Name: 江苏公共, Total: 2, Valid: 0, Valid Percent: 0.00%, Whitelist: 0, IPv4: 1, IPv6: 1, Min Delay: 485 ms, Max Speed: 0.00 M/s, Avg Speed: 0.00 M/s, Max Resolution: None
Category: ☘️江苏频道, Name: 江苏城市, Total: 27, Valid: 3, Valid Percent: 11.11%, Whitelist: 0, IPv4: 2, IPv6: 25, Min Delay: 0.1 ms, Max Speed: 0.84 M/s, Avg Speed: 0.28 M/s, Max Resolution: 1920x1080
Category: ☘️江苏频道, Name: 江苏影视, Total: 53, Valid: 3, Valid Percent: 5.66%, Whitelist: 0, IPv4: 2, IPv6: 51, Min Delay: 0.1 ms, Max Speed: 0.80 M/s, Avg Speed: 0.27 M/s, Max Resolution: 1920x1080
Category: ☘️江苏频道, Name: 江苏教育, Total: 74, Valid: 4, Valid Percent: 5.41%, Whitelist: 0, IPv4: 3, IPv6: 71, Min Delay: 0.1 ms, Max Speed: 0.77 M/s, Avg Speed: 0.19 M/s, Max Resolution: 1920x1080
Category: ☘️江苏频道, Name: 沭阳综合, Total: 2, Valid: 0, Valid Percent: 0.00%, Whitelist: 0, IPv4: 1, IPv6: 1, Min Delay: 1917 ms, Max Speed: 0.00 M/s, Avg Speed: 0.00 M/s, Max Resolution: None
Category: ☘️江苏频道, Name: 泗洪新闻综合, Total: 3, Valid: 0, Valid Percent: 0.00%, Whitelist: 0, IPv4: 0, IPv6: 3, Min Delay: -1 ms, Max Speed: 0.00 M/s, Avg Speed: 0.00 M/s, Max Resolution: None
Category: ☘️江苏频道, Name: 泗阳综合, Total: 4, Valid: 2, Valid Percent: 50.00%, Whitelist: 0, IPv4: 4, IPv6: 0, Min Delay: 2028 ms, Max Speed: 0.37 M/s, Avg Speed: 0.31 M/s, Max Resolution: 1920x1080
Category: ☘️江苏频道, Name: 泰州一套新闻综合, Total: 1, Valid: 0, Valid Percent: 0.00%, Whitelist: 0, IPv4: 0, IPv6: 1, Min Delay: -1 ms, Max Speed: 0.00 M/s, Avg Speed: 0.00 M/s, Max Resolution: None
Category: ☘️江苏频道, Name: 海安新闻综合, Total: 20, Valid: 0, Valid Percent: 0.00%, Whitelist: 0, IPv4: 0, IPv6: 20, Min Delay: -1 ms, Max Speed: 0.00 M/s, Avg Speed: 0.00 M/s, Max Resolution: None
Category: ☘️江苏频道, Name: 涟水电视台综合, Total: 7, Valid: 0, Valid Percent: 0.00%, Whitelist: 0, IPv4: 0, IPv6: 7, Min Delay: -1 ms, Max Speed: 0.00 M/s, Avg Speed: 0.00 M/s, Max Resolution: None
Category: ☘️江苏频道, Name: 涟水综合, Total: 2, Valid: 0, Valid Percent: 0.00%, Whitelist: 0, IPv4: 1, IPv6: 1, Min Delay: 2016 ms, Max Speed: 0.00 M/s, Avg Speed: 0.00 M/s, Max Resolution: None
Category: ☘️江苏频道, Name: 淮安公共, Total: 5, Valid: 1, Valid Percent: 20.00%, Whitelist: 0, IPv4: 2, IPv6: 3, Min Delay: 0.1 ms, Max Speed: 0.00 M/s, Avg Speed: 0.00 M/s, Max Resolution: 1920x1080
Category: ☘️江苏频道, Name: 淮安影院娱乐, Total: 2, Valid: 1, Valid Percent: 50.00%, Whitelist: 0, IPv4: 0, IPv6: 2, Min Delay: 0.1 ms, Max Speed: 0.00 M/s, Avg Speed: 0.00 M/s, Max Resolution: 1920x1080
Category: ☘️江苏频道, Name: 淮安新闻综合, Total: 62, Valid: 2, Valid Percent: 3.23%, Whitelist: 0, IPv4: 1, IPv6: 61, Min Delay: 0.1 ms, Max Speed: 0.00 M/s, Avg Speed: 0.00 M/s, Max Resolution: 1920x1080
Category: ☘️江苏频道, Name: 淮阴综合, Total: 1, Valid: 1, Valid Percent: 100.00%, Whitelist: 0, IPv4: 0, IPv6: 1, Min Delay: 0.1 ms, Max Speed: 0.00 M/s, Avg Speed: 0.00 M/s, Max Resolution: 1920x1080
Category: ☘️江苏频道, Name: 溧水新闻综合, Total: 65, Valid: 3, Valid Percent: 4.62%, Whitelist: 0, IPv4: 4, IPv6: 61, Min Delay: 204 ms, Max Speed: 5.59 M/s, Avg Speed: 5.40 M/s, Max Resolution: 1920x1080
Category: ☘️江苏频道, Name: 滨海新闻综合, Total: 5, Valid: 5, Valid Percent: 100.00%, Whitelist: 0, IPv4: 5, IPv6: 0, Min Delay: 30 ms, Max Speed: 30.43 M/s, Avg Speed: 22.17 M/s, Max Resolution: 1920x1080
Category: ☘️江苏频道, Name: 睢宁三农, Total: 1, Valid: 0, Valid Percent: 0.00%, Whitelist: 0, IPv4: 0, IPv6: 1, Min Delay: -1 ms, Max Speed: 0.00 M/s, Avg Speed: 0.00 M/s, Max Resolution: None
Category: ☘️江苏频道, Name: 睢宁综合, Total: 2, Valid: 0, Valid Percent: 0.00%, Whitelist: 0, IPv4: 1, IPv6: 1, Min Delay: 553 ms, Max Speed: 0.00 M/s, Avg Speed: 0.00 M/s, Max Resolution: None
Category: ☘️江苏频道, Name: 睢宁资讯, Total: 1, Valid: 0, Valid Percent: 0.00%, Whitelist: 0, IPv4: 0, IPv6: 1, Min Delay: -1 ms, Max Speed: 0.00 M/s, Avg Speed: 0.00 M/s, Max Resolution: None
Category: ☘️江苏频道, Name: 苏州4k, Total: 1, Valid: 1, Valid Percent: 100.00%, Whitelist: 0, IPv4: 1, IPv6: 0, Min Delay: 4013 ms, Max Speed: 0.68 M/s, Avg Speed: 0.68 M/s, Max Resolution: 3840x2160
Category: ☘️江苏频道, Name: 苏州文化生活, Total: 3, Valid: 1, Valid Percent: 33.33%, Whitelist: 0, IPv4: 0, IPv6: 3, Min Delay: 0.1 ms, Max Speed: 0.00 M/s, Avg Speed: 0.00 M/s, Max Resolution: 1920x1080
Category: ☘️江苏频道, Name: 苏州新闻综合, Total: 5, Valid: 2, Valid Percent: 40.00%, Whitelist: 0, IPv4: 0, IPv6: 5, Min Delay: 0.1 ms, Max Speed: 0.00 M/s, Avg Speed: 0.00 M/s, Max Resolution: 1920x1080
Category: ☘️江苏频道, Name: 苏州生活资讯, Total: 4, Valid: 1, Valid Percent: 25.00%, Whitelist: 0, IPv4: 0, IPv6: 4, Min Delay: 0.1 ms, Max Speed: 0.00 M/s, Avg Speed: 0.00 M/s, Max Resolution: 1920x1080
Category: ☘️江苏频道, Name: 苏州电影娱乐, Total: 2, Valid: 0, Valid Percent: 0.00%, Whitelist: 0, IPv4: 0, IPv6: 2, Min Delay: -1 ms, Max Speed: 0.00 M/s, Avg Speed: 0.00 M/s, Max Resolution: None
Category: ☘️江苏频道, Name: 苏州社会经济, Total: 2, Valid: 1, Valid Percent: 50.00%, Whitelist: 0, IPv4: 0, IPv6: 2, Min Delay: 0.1 ms, Max Speed: 0.00 M/s, Avg Speed: 0.00 M/s, Max Resolution: 1920x1080
Category: ☘️江苏频道, Name: 贾汪新闻, Total: 1, Valid: 0, Valid Percent: 0.00%, Whitelist: 0, IPv4: 1, IPv6: 0, Min Delay: 481 ms, Max Speed: 0.00 M/s, Avg Speed: 0.00 M/s, Max Resolution: None
Category: ☘️江苏频道, Name: 贾汪旅游, Total: 1, Valid: 0, Valid Percent: 0.00%, Whitelist: 0, IPv4: 0, IPv6: 1, Min Delay: -1 ms, Max Speed: 0.00 M/s, Avg Speed: 0.00 M/s, Max Resolution: None
Category: ☘️江苏频道, Name: 赣榆新闻综合, Total: 20, Valid: 0, Valid Percent: 0.00%, Whitelist: 0, IPv4: 0, IPv6: 20, Min Delay: -1 ms, Max Speed: 0.00 M/s, Avg Speed: 0.00 M/s, Max Resolution: None
Category: ☘️江苏频道, Name: 连云港公共, Total: 1, Valid: 0, Valid Percent: 0.00%, Whitelist: 0, IPv4: 0, IPv6: 1, Min Delay: -1 ms, Max Speed: 0.00 M/s, Avg Speed: 0.00 M/s, Max Resolution: None
Category: ☘️江苏频道, Name: 连云港新闻综合, Total: 60, Valid: 2, Valid Percent: 3.33%, Whitelist: 0, IPv4: 2, IPv6: 58, Min Delay: 0.1 ms, Max Speed: 0.28 M/s, Avg Speed: 0.14 M/s, Max Resolution: 1920x1080
Category: ☘️江苏频道, Name: 镇江二套社会民生, Total: 1, Valid: 1, Valid Percent: 100.00%, Whitelist: 0, IPv4: 1, IPv6: 0, Min Delay: 2027 ms, Max Speed: 1.01 M/s, Avg Speed: 1.01 M/s, Max Resolution: 1920x1080
Category: ☘️江苏频道, Name: 镇江新闻综合, Total: 55, Valid: 4, Valid Percent: 7.27%, Whitelist: 0, IPv4: 5, IPv6: 50, Min Delay: 30 ms, Max Speed: 34.87 M/s, Avg Speed: 10.17 M/s, Max Resolution: 1920x1080
Category: ☘️江苏频道, Name: 靖江新闻综合, Total: 3, Valid: 3, Valid Percent: 100.00%, Whitelist: 0, IPv4: 0, IPv6: 3, Min Delay: 0.1 ms, Max Speed: 0.00 M/s, Avg Speed: 0.00 M/s, Max Resolution: 1920x1080
Category: ☘️辽宁频道, Name: 朝阳新闻综合, Total: 1, Valid: 0, Valid Percent: 0.00%, Whitelist: 0, IPv4: 1, IPv6: 0, Min Delay: 10493 ms, Max Speed: 0.00 M/s, Avg Speed: 0.00 M/s, Max Resolution: 1920x1080
Category: ☘️辽宁频道, Name: 辽宁北方, Total: 2, Valid: 1, Valid Percent: 50.00%, Whitelist: 0, IPv4: 0, IPv6: 2, Min Delay: 0.1 ms, Max Speed: 0.00 M/s, Avg Speed: 0.00 M/s, Max Resolution: 1920x1080
Category: ☘️辽宁频道, Name: 辽宁影视剧, Total: 12, Valid: 3, Valid Percent: 25.00%, Whitelist: 0, IPv4: 0, IPv6: 12, Min Delay: 0.1 ms, Max Speed: 0.00 M/s, Avg Speed: 0.00 M/s, Max Resolution: 1920x1080
Category: ☘️辽宁频道, Name: 辽宁教育青少, Total: 2, Valid: 1, Valid Percent: 50.00%, Whitelist: 0, IPv4: 0, IPv6: 2, Min Delay: 0.1 ms, Max Speed: 0.00 M/s, Avg Speed: 0.00 M/s, Max Resolution: 1920x1080
Category: ☘️辽宁频道, Name: 辽宁生活, Total: 10, Valid: 1, Valid Percent: 10.00%, Whitelist: 0, IPv4: 0, IPv6: 10, Min Delay: 0.1 ms, Max Speed: 0.00 M/s, Avg Speed: 0.00 M/s, Max Resolution: 1920x1080
Category: ☘️辽宁频道, Name: 辽宁经济, Total: 5, Valid: 2, Valid Percent: 40.00%, Whitelist: 0, IPv4: 0, IPv6: 5, Min Delay: 0.1 ms, Max Speed: 0.00 M/s, Avg Speed: 0.00 M/s, Max Resolution: 1920x1080
Category: ☘️辽宁频道, Name: 辽宁都市, Total: 5, Valid: 3, Valid Percent: 60.00%, Whitelist: 0, IPv4: 0, IPv6: 5, Min Delay: 0.1 ms, Max Speed: 0.00 M/s, Avg Speed: 0.00 M/s, Max Resolution: 1920x1080
Category: ☘️湖南频道, Name: 湖南都市, Total: 37, Valid: 13, Valid Percent: 35.14%, Whitelist: 0, IPv4: 7, IPv6: 30, Min Delay: 0.1 ms, Max Speed: 1.07 M/s, Avg Speed: 0.13 M/s, Max Resolution: 1920x1080
Category: ☘️湖南频道, Name: 湖南经视, Total: 41, Valid: 21, Valid Percent: 51.22%, Whitelist: 0, IPv4: 6, IPv6: 35, Min Delay: 0.1 ms, Max Speed: 0.92 M/s, Avg Speed: 0.06 M/s, Max Resolution: 1920x1080
Category: ☘️湖南频道, Name: 湖南电视剧, Total: 33, Valid: 20, Valid Percent: 60.61%, Whitelist: 0, IPv4: 6, IPv6: 27, Min Delay: 0.1 ms, Max Speed: 0.94 M/s, Avg Speed: 0.06 M/s, Max Resolution: 1920x1080
Category: ☘️湖南频道, Name: 湖南电影, Total: 30, Valid: 8, Valid Percent: 26.67%, Whitelist: 0, IPv4: 6, IPv6: 24, Min Delay: 0.1 ms, Max Speed: 3.50 M/s, Avg Speed: 0.44 M/s, Max Resolution: 1920x1080
Category: ☘️湖南频道, Name: 湖南爱晚, Total: 11, Valid: 5, Valid Percent: 45.45%, Whitelist: 0, IPv4: 5, IPv6: 6, Min Delay: 0.1 ms, Max Speed: 2.56 M/s, Avg Speed: 0.52 M/s, Max Resolution: 1920x1080
Category: ☘️湖南频道, Name: 湖南教育, Total: 17, Valid: 7, Valid Percent: 41.18%, Whitelist: 0, IPv4: 5, IPv6: 12, Min Delay: 0.1 ms, Max Speed: 3.97 M/s, Avg Speed: 1.68 M/s, Max Resolution: 1920x1080
Category: ☘️湖南频道, Name: 湖南娱乐, Total: 43, Valid: 18, Valid Percent: 41.86%, Whitelist: 0, IPv4: 9, IPv6: 34, Min Delay: 0.1 ms, Max Speed: 5.65 M/s, Avg Speed: 0.99 M/s, Max Resolution: 1920x1080
Category: ☘️湖南频道, Name: 湖南国际, Total: 31, Valid: 9, Valid Percent: 29.03%, Whitelist: 0, IPv4: 6, IPv6: 25, Min Delay: 0.1 ms, Max Speed: 1.11 M/s, Avg Speed: 0.13 M/s, Max Resolution: 1920x1080
Category: ☘️湖南频道, Name: 湖南公共, Total: 12, Valid: 10, Valid Percent: 83.33%, Whitelist: 0, IPv4: 0, IPv6: 12, Min Delay: 0.1 ms, Max Speed: 0.00 M/s, Avg Speed: 0.00 M/s, Max Resolution: 1920x1080
Category: ☘️湖南频道, Name: 金鹰纪实, Total: 146, Valid: 62, Valid Percent: 42.47%, Whitelist: 0, IPv4: 54, IPv6: 92, Min Delay: 0.1 ms, Max Speed: 4.61 M/s, Avg Speed: 0.45 M/s, Max Resolution: 1920x1080
Category: ☘️湖南频道, Name: 湖南金鹰纪实, Total: 4, Valid: 3, Valid Percent: 75.00%, Whitelist: 0, IPv4: 1, IPv6: 3, Min Delay: 0.1 ms, Max Speed: 62.23 M/s, Avg Speed: 20.74 M/s, Max Resolution: 1920x1080
Category: ☘️湖南频道, Name: 长沙新闻综合, Total: 3, Valid: 2, Valid Percent: 66.67%, Whitelist: 0, IPv4: 1, IPv6: 2, Min Delay: 0.1 ms, Max Speed: 0.68 M/s, Avg Speed: 0.34 M/s, Max Resolution: 1920x1080
Category: ☘️湖南频道, Name: 长沙新闻, Total: 6, Valid: 0, Valid Percent: 0.00%, Whitelist: 0, IPv4: 0, IPv6: 6, Min Delay: -1 ms, Max Speed: 0.00 M/s, Avg Speed: 0.00 M/s, Max Resolution: None
Category: ☘️湖南频道, Name: 长沙政法, Total: 3, Valid: 1, Valid Percent: 33.33%, Whitelist: 0, IPv4: 1, IPv6: 2, Min Delay: 540 ms, Max Speed: 0.01 M/s, Avg Speed: 0.01 M/s, Max Resolution: None
Category: ☘️湖南频道, Name: 衡阳新闻综合, Total: 1, Valid: 1, Valid Percent: 100.00%, Whitelist: 0, IPv4: 1, IPv6: 0, Min Delay: 10732 ms, Max Speed: 0.01 M/s, Avg Speed: 0.01 M/s, Max Resolution: 800x480
Category: ☘️湖南频道, Name: 娄底综合, Total: 1, Valid: 0, Valid Percent: 0.00%, Whitelist: 0, IPv4: 0, IPv6: 1, Min Delay: -1 ms, Max Speed: 0.00 M/s, Avg Speed: 0.00 M/s, Max Resolution: None
Category: ☘️湖北频道, Name: 湖北综合, Total: 25, Valid: 9, Valid Percent: 36.00%, Whitelist: 0, IPv4: 7, IPv6: 18, Min Delay: 0.1 ms, Max Speed: 6.59 M/s, Avg Speed: 2.41 M/s, Max Resolution: 1920x1080
Category: ☘️湖北频道, Name: 湖北经视, Total: 31, Valid: 7, Valid Percent: 22.58%, Whitelist: 0, IPv4: 6, IPv6: 25, Min Delay: 0.1 ms, Max Speed: 3.89 M/s, Avg Speed: 1.92 M/s, Max Resolution: 1920x1080
Category: ☘️湖北频道, Name: 湖北生活, Total: 21, Valid: 9, Valid Percent: 42.86%, Whitelist: 0, IPv4: 6, IPv6: 15, Min Delay: 0.1 ms, Max Speed: 5.22 M/s, Avg Speed: 1.90 M/s, Max Resolution: 1920x1080
Category: ☘️湖北频道, Name: 湖北教育, Total: 20, Valid: 8, Valid Percent: 40.00%, Whitelist: 0, IPv4: 5, IPv6: 15, Min Delay: 0.1 ms, Max Speed: 2.99 M/s, Avg Speed: 1.00 M/s, Max Resolution: 1920x1080
Category: ☘️湖北频道, Name: 湖北影视, Total: 29, Valid: 7, Valid Percent: 24.14%, Whitelist: 0, IPv4: 6, IPv6: 23, Min Delay: 0.1 ms, Max Speed: 8.26 M/s, Avg Speed: 2.75 M/s, Max Resolution: 1920x1080
Category: ☘️湖北频道, Name: 湖北公共, Total: 16, Valid: 4, Valid Percent: 25.00%, Whitelist: 0, IPv4: 0, IPv6: 16, Min Delay: 0.1 ms, Max Speed: 0.00 M/s, Avg Speed: 0.00 M/s, Max Resolution: 1920x1080
Category: ☘️湖北频道, Name: 湖北垄上, Total: 31, Valid: 8, Valid Percent: 25.81%, Whitelist: 0, IPv4: 4, IPv6: 27, Min Delay: 0.1 ms, Max Speed: 5.42 M/s, Avg Speed: 2.49 M/s, Max Resolution: 1920x1080
Category: ☘️湖北频道, Name: 武汉一台新闻综合, Total: 10, Valid: 5, Valid Percent: 50.00%, Whitelist: 0, IPv4: 0, IPv6: 10, Min Delay: 0.1 ms, Max Speed: 0.00 M/s, Avg Speed: 0.00 M/s, Max Resolution: 1920x1080
Category: ☘️湖北频道, Name: 武汉二台电视剧, Total: 3, Valid: 2, Valid Percent: 66.67%, Whitelist: 0, IPv4: 0, IPv6: 3, Min Delay: 0.1 ms, Max Speed: 0.00 M/s, Avg Speed: 0.00 M/s, Max Resolution: 1920x1080
Category: ☘️湖北频道, Name: 武汉四台经济, Total: 1, Valid: 1, Valid Percent: 100.00%, Whitelist: 0, IPv4: 0, IPv6: 1, Min Delay: 0.1 ms, Max Speed: 0.00 M/s, Avg Speed: 0.00 M/s, Max Resolution: 1920x1080
Category: ☘️湖北频道, Name: 武汉教育, Total: 12, Valid: 8, Valid Percent: 66.67%, Whitelist: 0, IPv4: 0, IPv6: 12, Min Delay: 0.1 ms, Max Speed: 0.00 M/s, Avg Speed: 0.00 M/s, Max Resolution: 1920x1080
Category: ☘️湖北频道, Name: 江夏新闻综合, Total: 1, Valid: 1, Valid Percent: 100.00%, Whitelist: 0, IPv4: 0, IPv6: 1, Min Delay: 0.1 ms, Max Speed: 0.00 M/s, Avg Speed: 0.00 M/s, Max Resolution: 1920x1080
Category: ☘️湖北频道, Name: 崇阳新闻综合, Total: 1, Valid: 1, Valid Percent: 100.00%, Whitelist: 0, IPv4: 1, IPv6: 0, Min Delay: 10956 ms, Max Speed: 0.52 M/s, Avg Speed: 0.52 M/s, Max Resolution: 1920x1080
Category: ☘️湖北频道, Name: 十堰新闻, Total: 4, Valid: 4, Valid Percent: 100.00%, Whitelist: 0, IPv4: 0, IPv6: 4, Min Delay: 0.1 ms, Max Speed: 0.00 M/s, Avg Speed: 0.00 M/s, Max Resolution: 1920x1080
Category: ☘️湖北频道, Name: 保康新闻综合, Total: 1, Valid: 1, Valid Percent: 100.00%, Whitelist: 0, IPv4: 1, IPv6: 0, Min Delay: 3807 ms, Max Speed: 0.53 M/s, Avg Speed: 0.53 M/s, Max Resolution: 1920x1080
Category: ☘️湖北频道, Name: 麻城综合, Total: 7, Valid: 7, Valid Percent: 100.00%, Whitelist: 0, IPv4: 7, IPv6: 0, Min Delay: 4738 ms, Max Speed: 0.66 M/s, Avg Speed: 0.61 M/s, Max Resolution: 1920x1080
Category: ☘️湖北频道, Name: 荆门新闻综合, Total: 27, Valid: 21, Valid Percent: 77.78%, Whitelist: 0, IPv4: 13, IPv6: 14, Min Delay: 0.1 ms, Max Speed: 0.28 M/s, Avg Speed: 0.14 M/s, Max Resolution: 1920x1080
Category: ☘️湖北频道, Name: 武汉新闻, Total: 1, Valid: 1, Valid Percent: 100.00%, Whitelist: 0, IPv4: 1, IPv6: 0, Min Delay: 579 ms, Max Speed: 0.23 M/s, Avg Speed: 0.23 M/s, Max Resolution: 720x576
Category: ☘️湖北频道, Name: 崇阳综合, Total: 1, Valid: 1, Valid Percent: 100.00%, Whitelist: 0, IPv4: 1, IPv6: 0, Min Delay: 10045 ms, Max Speed: 0.35 M/s, Avg Speed: 0.35 M/s, Max Resolution: 1920x1080
Category: ☘️湖北频道, Name: 潜江综合, Total: 1, Valid: 1, Valid Percent: 100.00%, Whitelist: 0, IPv4: 1, IPv6: 0, Min Delay: 996 ms, Max Speed: 0.86 M/s, Avg Speed: 0.86 M/s, Max Resolution: 1920x1080
Category: ☘️广西频道, Name: 乐业综合, Total: 22, Valid: 0, Valid Percent: 0.00%, Whitelist: 0, IPv4: 22, IPv6: 0, Min Delay: 10009 ms, Max Speed: 0.00 M/s, Avg Speed: 0.00 M/s, Max Resolution: 720x576
Category: ☘️广西频道, Name: 凌云综合, Total: 5, Valid: 0, Valid Percent: 0.00%, Whitelist: 0, IPv4: 5, IPv6: 0, Min Delay: -1 ms, Max Speed: 0.00 M/s, Avg Speed: 0.00 M/s, Max Resolution: 1920x1080
Category: ☘️广西频道, Name: 凭祥综合, Total: 22, Valid: 0, Valid Percent: 0.00%, Whitelist: 0, IPv4: 22, IPv6: 0, Min Delay: 10004 ms, Max Speed: 0.00 M/s, Avg Speed: 0.00 M/s, Max Resolution: 720x576
Category: ☘️广西频道, Name: 北海新闻综合, Total: 2, Valid: 1, Valid Percent: 50.00%, Whitelist: 0, IPv4: 1, IPv6: 1, Min Delay: 500 ms, Max Speed: 0.23 M/s, Avg Speed: 0.23 M/s, Max Resolution: 1920x1080
Category: ☘️广西频道, Name: 北海经济科教, Total: 3, Valid: 1, Valid Percent: 33.33%, Whitelist: 0, IPv4: 0, IPv6: 3, Min Delay: 0.1 ms, Max Speed: 0.00 M/s, Avg Speed: 0.00 M/s, Max Resolution: 1920x1080
Category: ☘️广西频道, Name: 南宁公共, Total: 11, Valid: 6, Valid Percent: 54.55%, Whitelist: 0, IPv4: 0, IPv6: 11, Min Delay: 0.1 ms, Max Speed: 0.00 M/s, Avg Speed: 0.00 M/s, Max Resolution: 1920x1080
Category: ☘️广西频道, Name: 南宁新闻综合, Total: 14, Valid: 4, Valid Percent: 28.57%, Whitelist: 0, IPv4: 1, IPv6: 13, Min Delay: 0.1 ms, Max Speed: 0.00 M/s, Avg Speed: 0.00 M/s, Max Resolution: 1920x1080
Category: ☘️广西频道, Name: 南宁都市生活, Total: 8, Valid: 4, Valid Percent: 50.00%, Whitelist: 0, IPv4: 0, IPv6: 8, Min Delay: 0.1 ms, Max Speed: 0.00 M/s, Avg Speed: 0.00 M/s, Max Resolution: 1920x1080
Category: ☘️广西频道, Name: 博白综合, Total: 22, Valid: 0, Valid Percent: 0.00%, Whitelist: 0, IPv4: 22, IPv6: 0, Min Delay: 10004 ms, Max Speed: 0.00 M/s, Avg Speed: 0.00 M/s, Max Resolution: 1280x720
Category: ☘️广西频道, Name: 天等综合, Total: 22, Valid: 0, Valid Percent: 0.00%, Whitelist: 0, IPv4: 22, IPv6: 0, Min Delay: 10004 ms, Max Speed: 0.00 M/s, Avg Speed: 0.00 M/s, Max Resolution: 1280x720
Category: ☘️广西频道, Name: 宾阳综合, Total: 1, Valid: 1, Valid Percent: 100.00%, Whitelist: 0, IPv4: 0, IPv6: 1, Min Delay: 0.1 ms, Max Speed: 0.00 M/s, Avg Speed: 0.00 M/s, Max Resolution: 1920x1080
Category: ☘️广西频道, Name: 岑溪综合, Total: 22, Valid: 0, Valid Percent: 0.00%, Whitelist: 0, IPv4: 22, IPv6: 0, Min Delay: 10004 ms, Max Speed: 0.00 M/s, Avg Speed: 0.00 M/s, Max Resolution: None
Category: ☘️广西频道, Name: 崇左综合, Total: 2, Valid: 1, Valid Percent: 50.00%, Whitelist: 0, IPv4: 1, IPv6: 1, Min Delay: 482 ms, Max Speed: 0.37 M/s, Avg Speed: 0.37 M/s, Max Resolution: 1920x1080
Category: ☘️广西频道, Name: 昭平综合, Total: 22, Valid: 0, Valid Percent: 0.00%, Whitelist: 0, IPv4: 22, IPv6: 0, Min Delay: 10004 ms, Max Speed: 0.00 M/s, Avg Speed: 0.00 M/s, Max Resolution: None
Category: ☘️广西频道, Name: 来宾综合, Total: 1, Valid: 1, Valid Percent: 100.00%, Whitelist: 0, IPv4: 1, IPv6: 0, Min Delay: 10939 ms, Max Speed: 0.31 M/s, Avg Speed: 0.31 M/s, Max Resolution: 1920x1080
Category: ☘️广西频道, Name: 灌阳新闻综合, Total: 2, Valid: 2, Valid Percent: 100.00%, Whitelist: 0, IPv4: 0, IPv6: 2, Min Delay: 0.1 ms, Max Speed: 0.00 M/s, Avg Speed: 0.00 M/s, Max Resolution: 1920x1080
Category: ☘️广西频道, Name: 田东综合, Total: 1, Valid: 0, Valid Percent: 0.00%, Whitelist: 0, IPv4: 0, IPv6: 1, Min Delay: -1 ms, Max Speed: 0.00 M/s, Avg Speed: 0.00 M/s, Max Resolution: None
Category: ☘️广西频道, Name: 田阳综合, Total: 21, Valid: 0, Valid Percent: 0.00%, Whitelist: 0, IPv4: 21, IPv6: 0, Min Delay: 10008 ms, Max Speed: 0.00 M/s, Avg Speed: 0.00 M/s, Max Resolution: 720x576
Category: ☘️广西频道, Name: 融水综合, Total: 22, Valid: 0, Valid Percent: 0.00%, Whitelist: 0, IPv4: 22, IPv6: 0, Min Delay: 10004 ms, Max Speed: 0.00 M/s, Avg Speed: 0.00 M/s, Max Resolution: None
Category: ☘️广西频道, Name: 西林综合, Total: 22, Valid: 0, Valid Percent: 0.00%, Whitelist: 0, IPv4: 22, IPv6: 0, Min Delay: 10004 ms, Max Speed: 0.00 M/s, Avg Speed: 0.00 M/s, Max Resolution: None
Category: ☘️广西频道, Name: 贺州综合, Total: 2, Valid: 1, Valid Percent: 50.00%, Whitelist: 0, IPv4: 1, IPv6: 1, Min Delay: 489 ms, Max Speed: 0.35 M/s, Avg Speed: 0.35 M/s, Max Resolution: 1920x1080
Category: ☘️广西频道, Name: 那坡综合, Total: 20, Valid: 20, Valid Percent: 100.00%, Whitelist: 0, IPv4: 20, IPv6: 0, Min Delay: 1844 ms, Max Speed: 0.22 M/s, Avg Speed: 0.19 M/s, Max Resolution: 720x576
Category: ☘️广西频道, Name: 都安综合, Total: 22, Valid: 0, Valid Percent: 0.00%, Whitelist: 0, IPv4: 22, IPv6: 0, Min Delay: 10004 ms, Max Speed: 0.00 M/s, Avg Speed: 0.00 M/s, Max Resolution: 720x576
Category: ☘️广西频道, Name: 钦州综合, Total: 1, Valid: 1, Valid Percent: 100.00%, Whitelist: 0, IPv4: 1, IPv6: 0, Min Delay: 491 ms, Max Speed: 0.23 M/s, Avg Speed: 0.23 M/s, Max Resolution: 1920x1080
Category: ☘️广西频道, Name: 靖西综合, Total: 22, Valid: 0, Valid Percent: 0.00%, Whitelist: 0, IPv4: 22, IPv6: 0, Min Delay: 10004 ms, Max Speed: 0.00 M/s, Avg Speed: 0.00 M/s, Max Resolution: 720x576
Category: ☘️广西频道, Name: 龙州综合, Total: 20, Valid: 0, Valid Percent: 0.00%, Whitelist: 0, IPv4: 20, IPv6: 0, Min Delay: 10004 ms, Max Speed: 0.00 M/s, Avg Speed: 0.00 M/s, Max Resolution: None
Category: ☘️广西频道, Name: 广西新闻, Total: 14, Valid: 7, Valid Percent: 50.00%, Whitelist: 0, IPv4: 7, IPv6: 7, Min Delay: 0.1 ms, Max Speed: 7.41 M/s, Avg Speed: 2.72 M/s, Max Resolution: 1920x1080
Category: ☘️广西频道, Name: 北海新闻, Total: 2, Valid: 0, Valid Percent: 0.00%, Whitelist: 0, IPv4: 1, IPv6: 1, Min Delay: 10010 ms, Max Speed: 0.00 M/s, Avg Speed: 0.00 M/s, Max Resolution: None
Category: ☘️广西频道, Name: 广西国际, Total: 7, Valid: 5, Valid Percent: 71.43%, Whitelist: 0, IPv4: 4, IPv6: 3, Min Delay: 0.1 ms, Max Speed: 10.91 M/s, Avg Speed: 4.96 M/s, Max Resolution: 1920x1080
Category: ☘️广西频道, Name: 广西乐思购, Total: 40, Valid: 0, Valid Percent: 0.00%, Whitelist: 0, IPv4: 0, IPv6: 40, Min Delay: -1 ms, Max Speed: 0.00 M/s, Avg Speed: 0.00 M/s, Max Resolution: None
Category: ☘️广西频道, Name: 南宁影视娱乐, Total: 7, Valid: 1, Valid Percent: 14.29%, Whitelist: 0, IPv4: 0, IPv6: 7, Min Delay: 0.1 ms, Max Speed: 0.00 M/s, Avg Speed: 0.00 M/s, Max Resolution: 1920x1080
Category: ☘️天津频道, Name: 宁河新闻, Total: 1, Valid: 0, Valid Percent: 0.00%, Whitelist: 0, IPv4: 0, IPv6: 1, Min Delay: -1 ms, Max Speed: 0.00 M/s, Avg Speed: 0.00 M/s, Max Resolution: None
Category: ☘️天津频道, Name: 滨海综艺, Total: 20, Valid: 20, Valid Percent: 100.00%, Whitelist: 0, IPv4: 20, IPv6: 0, Min Delay: 4432 ms, Max Speed: 0.34 M/s, Avg Speed: 0.32 M/s, Max Resolution: 1920x1080
Category: ☘️天津频道, Name: 津南一套, Total: 23, Valid: 23, Valid Percent: 100.00%, Whitelist: 0, IPv4: 23, IPv6: 0, Min Delay: 14 ms, Max Speed: 17.14 M/s, Avg Speed: 1.47 M/s, Max Resolution: 720x576
Category: ☘️天津频道, Name: 武清综合, Total: 1, Valid: 1, Valid Percent: 100.00%, Whitelist: 0, IPv4: 1, IPv6: 0, Min Delay: 4319 ms, Max Speed: 0.42 M/s, Avg Speed: 0.42 M/s, Max Resolution: 720x576
Category: ☘️天津频道, Name: 天津都市, Total: 1, Valid: 1, Valid Percent: 100.00%, Whitelist: 0, IPv4: 1, IPv6: 0, Min Delay: 322 ms, Max Speed: 8.24 M/s, Avg Speed: 8.24 M/s, Max Resolution: 1280x720
Category: ☘️天津频道, Name: 天津新闻, Total: 2, Valid: 1, Valid Percent: 50.00%, Whitelist: 0, IPv4: 1, IPv6: 1, Min Delay: 303 ms, Max Speed: 6.19 M/s, Avg Speed: 6.19 M/s, Max Resolution: 1280x720
Category: ☘️天津频道, Name: 天津文艺, Total: 2, Valid: 1, Valid Percent: 50.00%, Whitelist: 0, IPv4: 1, IPv6: 1, Min Delay: 331 ms, Max Speed: 7.59 M/s, Avg Speed: 7.59 M/s, Max Resolution: 1280x720
Category: ☘️天津频道, Name: 天津卫视, Total: 138, Valid: 40, Valid Percent: 28.99%, Whitelist: 0, IPv4: 0, IPv6: 138, Min Delay: 0.1 ms, Max Speed: 0.00 M/s, Avg Speed: 0.00 M/s, Max Resolution: 1920x1080
Category: ☘️四川频道, Name: 东兴综合, Total: 1, Valid: 0, Valid Percent: 0.00%, Whitelist: 0, IPv4: 0, IPv6: 1, Min Delay: -1 ms, Max Speed: 0.00 M/s, Avg Speed: 0.00 M/s, Max Resolution: None
Category: ☘️四川频道, Name: 乐山新闻综合, Total: 3, Valid: 3, Valid Percent: 100.00%, Whitelist: 0, IPv4: 1, IPv6: 2, Min Delay: 0.1 ms, Max Speed: 32.01 M/s, Avg Speed: 10.67 M/s, Max Resolution: 1920x1080
Category: ☘️四川频道, Name: 乐至综合, Total: 1, Valid: 0, Valid Percent: 0.00%, Whitelist: 0, IPv4: 0, IPv6: 1, Min Delay: -1 ms, Max Speed: 0.00 M/s, Avg Speed: 0.00 M/s, Max Resolution: None
Category: ☘️四川频道, Name: 九寨沟新闻综合, Total: 1, Valid: 1, Valid Percent: 100.00%, Whitelist: 0, IPv4: 1, IPv6: 0, Min Delay: 16 ms, Max Speed: 26.27 M/s, Avg Speed: 26.27 M/s, Max Resolution: 1280x720
Category: ☘️四川频道, Name: 井研综合, Total: 1, Valid: 1, Valid Percent: 100.00%, Whitelist: 0, IPv4: 1, IPv6: 0, Min Delay: 3196 ms, Max Speed: 0.57 M/s, Avg Speed: 0.57 M/s, Max Resolution: 1920x1080
Category: ☘️四川频道, Name: 仁寿综合, Total: 1, Valid: 0, Valid Percent: 0.00%, Whitelist: 0, IPv4: 0, IPv6: 1, Min Delay: -1 ms, Max Speed: 0.00 M/s, Avg Speed: 0.00 M/s, Max Resolution: None
Category: ☘️四川频道, Name: 凉山新闻综合, Total: 4, Valid: 0, Valid Percent: 0.00%, Whitelist: 0, IPv4: 0, IPv6: 4, Min Delay: -1 ms, Max Speed: 0.00 M/s, Avg Speed: 0.00 M/s, Max Resolution: None
Category: ☘️四川频道, Name: 凉山语, Total: 2, Valid: 0, Valid Percent: 0.00%, Whitelist: 0, IPv4: 2, IPv6: 0, Min Delay: -1 ms, Max Speed: 0.00 M/s, Avg Speed: 0.00 M/s, Max Resolution: 720x404
Category: ☘️四川频道, Name: 利州综合, Total: 1, Valid: 0, Valid Percent: 0.00%, Whitelist: 0, IPv4: 0, IPv6: 1, Min Delay: -1 ms, Max Speed: 0.00 M/s, Avg Speed: 0.00 M/s, Max Resolution: None
Category: ☘️四川频道, Name: 剑阁综合, Total: 1, Valid: 0, Valid Percent: 0.00%, Whitelist: 0, IPv4: 0, IPv6: 1, Min Delay: -1 ms, Max Speed: 0.00 M/s, Avg Speed: 0.00 M/s, Max Resolution: None
Category: ☘️四川频道, Name: 南充科教, Total: 3, Valid: 0, Valid Percent: 0.00%, Whitelist: 0, IPv4: 0, IPv6: 3, Min Delay: -1 ms, Max Speed: 0.00 M/s, Avg Speed: 0.00 M/s, Max Resolution: None
Category: ☘️四川频道, Name: 双流综合, Total: 2, Valid: 1, Valid Percent: 50.00%, Whitelist: 0, IPv4: 1, IPv6: 1, Min Delay: 25 ms, Max Speed: 29.36 M/s, Avg Speed: 29.36 M/s, Max Resolution: 960x540
Category: ☘️四川频道, Name: 叙州新闻综合, Total: 5, Valid: 5, Valid Percent: 100.00%, Whitelist: 0, IPv4: 0, IPv6: 5, Min Delay: 0.1 ms, Max Speed: 0.00 M/s, Avg Speed: 0.00 M/s, Max Resolution: 1920x1080
Category: ☘️四川频道, Name: 叙永综合, Total: 6, Valid: 4, Valid Percent: 66.67%, Whitelist: 0, IPv4: 1, IPv6: 5, Min Delay: 0.1 ms, Max Speed: 0.65 M/s, Avg Speed: 0.16 M/s, Max Resolution: 1920x1080
Category: ☘️四川频道, Name: 名山综合, Total: 3, Valid: 1, Valid Percent: 33.33%, Whitelist: 0, IPv4: 2, IPv6: 1, Min Delay: 2524 ms, Max Speed: 0.09 M/s, Avg Speed: 0.09 M/s, Max Resolution: 1920x1080
Category: ☘️四川频道, Name: 四川科教, Total: 16, Valid: 4, Valid Percent: 25.00%, Whitelist: 0, IPv4: 3, IPv6: 13, Min Delay: 0.1 ms, Max Speed: 0.02 M/s, Avg Speed: 0.01 M/s, Max Resolution: 1920x1080
Category: ☘️四川频道, Name: 大竹新闻综合, Total: 21, Valid: 0, Valid Percent: 0.00%, Whitelist: 0, IPv4: 0, IPv6: 21, Min Delay: -1 ms, Max Speed: 0.00 M/s, Avg Speed: 0.00 M/s, Max Resolution: None
Category: ☘️四川频道, Name: 夹江新闻综合, Total: 23, Valid: 1, Valid Percent: 4.35%, Whitelist: 0, IPv4: 23, IPv6: 0, Min Delay: 5058 ms, Max Speed: 0.38 M/s, Avg Speed: 0.38 M/s, Max Resolution: 1280x720
Category: ☘️四川频道, Name: 威远新闻综合, Total: 20, Valid: 0, Valid Percent: 0.00%, Whitelist: 0, IPv4: 20, IPv6: 0, Min Delay: -1 ms, Max Speed: 0.00 M/s, Avg Speed: 0.00 M/s, Max Resolution: 1920x1080
Category: ☘️四川频道, Name: 宁南综合, Total: 1, Valid: 0, Valid Percent: 0.00%, Whitelist: 0, IPv4: 0, IPv6: 1, Min Delay: -1 ms, Max Speed: 0.00 M/s, Avg Speed: 0.00 M/s, Max Resolution: None
Category: ☘️四川频道, Name: 宜宾公共, Total: 5, Valid: 3, Valid Percent: 60.00%, Whitelist: 0, IPv4: 3, IPv6: 2, Min Delay: 519 ms, Max Speed: 0.04 M/s, Avg Speed: 0.02 M/s, Max Resolution: None
Category: ☘️四川频道, Name: 宝兴综合, Total: 2, Valid: 0, Valid Percent: 0.00%, Whitelist: 0, IPv4: 1, IPv6: 1, Min Delay: -1 ms, Max Speed: 0.00 M/s, Avg Speed: 0.00 M/s, Max Resolution: 1920x1080
Category: ☘️四川频道, Name: 小金综合, Total: 2, Valid: 1, Valid Percent: 50.00%, Whitelist: 0, IPv4: 2, IPv6: 0, Min Delay: 574 ms, Max Speed: 0.00 M/s, Avg Speed: 0.00 M/s, Max Resolution: 1920x1080
Category: ☘️四川频道, Name: 平昌新闻综合, Total: 20, Valid: 0, Valid Percent: 0.00%, Whitelist: 0, IPv4: 0, IPv6: 20, Min Delay: -1 ms, Max Speed: 0.00 M/s, Avg Speed: 0.00 M/s, Max Resolution: None
Category: ☘️四川频道, Name: 平武综合, Total: 1, Valid: 0, Valid Percent: 0.00%, Whitelist: 0, IPv4: 0, IPv6: 1, Min Delay: -1 ms, Max Speed: 0.00 M/s, Avg Speed: 0.00 M/s, Max Resolution: None
Category: ☘️四川频道, Name: 广元综合, Total: 10, Valid: 4, Valid Percent: 40.00%, Whitelist: 0, IPv4: 3, IPv6: 7, Min Delay: 0.1 ms, Max Speed: 0.04 M/s, Avg Speed: 0.02 M/s, Max Resolution: 1920x1080
Category: ☘️四川频道, Name: 广安公共, Total: 1, Valid: 0, Valid Percent: 0.00%, Whitelist: 0, IPv4: 0, IPv6: 1, Min Delay: -1 ms, Max Speed: 0.00 M/s, Avg Speed: 0.00 M/s, Max Resolution: None
Category: ☘️四川频道, Name: 康定综合, Total: 1, Valid: 0, Valid Percent: 0.00%, Whitelist: 0, IPv4: 0, IPv6: 1, Min Delay: -1 ms, Max Speed: 0.00 M/s, Avg Speed: 0.00 M/s, Max Resolution: None
Category: ☘️四川频道, Name: 康巴卫视, Total: 30, Valid: 13, Valid Percent: 43.33%, Whitelist: 0, IPv4: 6, IPv6: 24, Min Delay: 0.1 ms, Max Speed: 0.33 M/s, Avg Speed: 0.04 M/s, Max Resolution: 1920x1080
Category: ☘️四川频道, Name: 开江新闻综合, Total: 12, Valid: 0, Valid Percent: 0.00%, Whitelist: 0, IPv4: 0, IPv6: 12, Min Delay: -1 ms, Max Speed: 0.00 M/s, Avg Speed: 0.00 M/s, Max Resolution: None
Category: ☘️四川频道, Name: 德阳新闻综合, Total: 7, Valid: 7, Valid Percent: 100.00%, Whitelist: 0, IPv4: 4, IPv6: 3, Min Delay: 0.1 ms, Max Speed: 0.22 M/s, Avg Speed: 0.05 M/s, Max Resolution: 1920x1080
Category: ☘️四川频道, Name: 成都高新电视, Total: 22, Valid: 1, Valid Percent: 4.55%, Whitelist: 0, IPv4: 1, IPv6: 21, Min Delay: 3066 ms, Max Speed: 0.21 M/s, Avg Speed: 0.21 M/s, Max Resolution: 1280x720
Category: ☘️四川频道, Name: 攀枝花新闻综合, Total: 1, Valid: 1, Valid Percent: 100.00%, Whitelist: 0, IPv4: 1, IPv6: 0, Min Delay: 3234 ms, Max Speed: 0.88 M/s, Avg Speed: 0.88 M/s, Max Resolution: 1920x1080
Category: ☘️四川频道, Name: 新都综合, Total: 1, Valid: 0, Valid Percent: 0.00%, Whitelist: 0, IPv4: 0, IPv6: 1, Min Delay: -1 ms, Max Speed: 0.00 M/s, Avg Speed: 0.00 M/s, Max Resolution: None
Category: ☘️四川频道, Name: 旺苍新闻综合, Total: 22, Valid: 1, Valid Percent: 4.55%, Whitelist: 0, IPv4: 1, IPv6: 21, Min Delay: 0.1 ms, Max Speed: 0.00 M/s, Avg Speed: 0.00 M/s, Max Resolution: 1920x1080
Category: ☘️四川频道, Name: 昭化综合, Total: 1, Valid: 0, Valid Percent: 0.00%, Whitelist: 0, IPv4: 0, IPv6: 1, Min Delay: -1 ms, Max Speed: 0.00 M/s, Avg Speed: 0.00 M/s, Max Resolution: None
Category: ☘️四川频道, Name: 朝天综合, Total: 1, Valid: 0, Valid Percent: 0.00%, Whitelist: 0, IPv4: 0, IPv6: 1, Min Delay: -1 ms, Max Speed: 0.00 M/s, Avg Speed: 0.00 M/s, Max Resolution: None
Category: ☘️四川频道, Name: 松潘新闻综合, Total: 23, Valid: 2, Valid Percent: 8.70%, Whitelist: 0, IPv4: 0, IPv6: 23, Min Delay: 0.1 ms, Max Speed: 0.00 M/s, Avg Speed: 0.00 M/s, Max Resolution: 1920x1080
Category: ☘️四川频道, Name: 武胜综合, Total: 2, Valid: 1, Valid Percent: 50.00%, Whitelist: 0, IPv4: 1, IPv6: 1, Min Delay: 26 ms, Max Speed: 35.04 M/s, Avg Speed: 35.04 M/s, Max Resolution: 1920x1080
Category: ☘️四川频道, Name: 汉源综合, Total: 2, Valid: 1, Valid Percent: 50.00%, Whitelist: 0, IPv4: 0, IPv6: 2, Min Delay: 0.1 ms, Max Speed: 0.00 M/s, Avg Speed: 0.00 M/s, Max Resolution: 1920x1080
Category: ☘️四川频道, Name: 江油新闻综合, Total: 1, Valid: 1, Valid Percent: 100.00%, Whitelist: 0, IPv4: 1, IPv6: 0, Min Delay: 14 ms, Max Speed: 26.44 M/s, Avg Speed: 26.44 M/s, Max Resolution: 1920x1080
Category: ☘️四川频道, Name: 汶川新闻综合, Total: 26, Valid: 2, Valid Percent: 7.69%, Whitelist: 0, IPv4: 1, IPv6: 25, Min Delay: 0.1 ms, Max Speed: 0.00 M/s, Avg Speed: 0.00 M/s, Max Resolution: 1920x1080
Category: ☘️四川频道, Name: 沐川综合, Total: 4, Valid: 1, Valid Percent: 25.00%, Whitelist: 0, IPv4: 1, IPv6: 3, Min Delay: 0.1 ms, Max Speed: 0.00 M/s, Avg Speed: 0.00 M/s, Max Resolution: 1920x1080
Category: ☘️四川频道, Name: 泸县新闻综合, Total: 24, Valid: 3, Valid Percent: 12.50%, Whitelist: 0, IPv4: 0, IPv6: 24, Min Delay: 0.1 ms, Max Speed: 0.00 M/s, Avg Speed: 0.00 M/s, Max Resolution: 1920x1080
Category: ☘️四川频道, Name: 渠县新闻综合, Total: 21, Valid: 21, Valid Percent: 100.00%, Whitelist: 0, IPv4: 21, IPv6: 0, Min Delay: 3358 ms, Max Speed: 0.50 M/s, Avg Speed: 0.45 M/s, Max Resolution: 1280x720
Category: ☘️四川频道, Name: 甘孜综合, Total: 1, Valid: 1, Valid Percent: 100.00%, Whitelist: 0, IPv4: 0, IPv6: 1, Min Delay: 0.1 ms, Max Speed: 0.00 M/s, Avg Speed: 0.00 M/s, Max Resolution: 1920x1080
Category: ☘️四川频道, Name: 盐亭综合, Total: 1, Valid: 0, Valid Percent: 0.00%, Whitelist: 0, IPv4: 0, IPv6: 1, Min Delay: -1 ms, Max Speed: 0.00 M/s, Avg Speed: 0.00 M/s, Max Resolution: None
Category: ☘️四川频道, Name: 石棉综合, Total: 3, Valid: 1, Valid Percent: 33.33%, Whitelist: 0, IPv4: 1, IPv6: 2, Min Delay: 0.1 ms, Max Speed: 0.00 M/s, Avg Speed: 0.00 M/s, Max Resolution: 1920x1080
Category: ☘️四川频道, Name: 筠连综合, Total: 1, Valid: 1, Valid Percent: 100.00%, Whitelist: 0, IPv4: 0, IPv6: 1, Min Delay: 0.1 ms, Max Speed: 0.00 M/s, Avg Speed: 0.00 M/s, Max Resolution: 1920x1080
Category: ☘️四川频道, Name: 绵阳科技, Total: 4, Valid: 1, Valid Percent: 25.00%, Whitelist: 0, IPv4: 0, IPv6: 4, Min Delay: 0.1 ms, Max Speed: 0.00 M/s, Avg Speed: 0.00 M/s, Max Resolution: 1920x1080
Category: ☘️四川频道, Name: 荥经综合, Total: 4, Valid: 2, Valid Percent: 50.00%, Whitelist: 0, IPv4: 1, IPv6: 3, Min Delay: 0.1 ms, Max Speed: 0.00 M/s, Avg Speed: 0.00 M/s, Max Resolution: 1920x1080
Category: ☘️四川频道, Name: 营山电视台, Total: 25, Valid: 3, Valid Percent: 12.00%, Whitelist: 0, IPv4: 1, IPv6: 24, Min Delay: 0.1 ms, Max Speed: 0.39 M/s, Avg Speed: 0.13 M/s, Max Resolution: 1920x1080
Category: ☘️四川频道, Name: 蓬安新闻综合, Total: 23, Valid: 2, Valid Percent: 8.70%, Whitelist: 0, IPv4: 0, IPv6: 23, Min Delay: 0.1 ms, Max Speed: 0.00 M/s, Avg Speed: 0.00 M/s, Max Resolution: 1920x1080
Category: ☘️四川频道, Name: 蓬溪新闻综合, Total: 1, Valid: 1, Valid Percent: 100.00%, Whitelist: 0, IPv4: 1, IPv6: 0, Min Delay: 4927 ms, Max Speed: 0.09 M/s, Avg Speed: 0.09 M/s, Max Resolution: 1920x1080
Category: ☘️四川频道, Name: 西昌综合, Total: 1, Valid: 0, Valid Percent: 0.00%, Whitelist: 0, IPv4: 0, IPv6: 1, Min Delay: -1 ms, Max Speed: 0.00 M/s, Avg Speed: 0.00 M/s, Max Resolution: None
Category: ☘️四川频道, Name: 邻水新闻综合, Total: 16, Valid: 0, Valid Percent: 0.00%, Whitelist: 0, IPv4: 0, IPv6: 16, Min Delay: -1 ms, Max Speed: 0.00 M/s, Avg Speed: 0.00 M/s, Max Resolution: None
Category: ☘️四川频道, Name: 金口河综合, Total: 2, Valid: 1, Valid Percent: 50.00%, Whitelist: 0, IPv4: 1, IPv6: 1, Min Delay: 330 ms, Max Speed: 10.96 M/s, Avg Speed: 10.96 M/s, Max Resolution: 1920x1080
Category: ☘️四川频道, Name: 金堂电视台, Total: 23, Valid: 2, Valid Percent: 8.70%, Whitelist: 0, IPv4: 2, IPv6: 21, Min Delay: 23 ms, Max Speed: 28.26 M/s, Avg Speed: 14.24 M/s, Max Resolution: 1280x720
Category: ☘️四川频道, Name: 金川新闻综合, Total: 13, Valid: 8, Valid Percent: 61.54%, Whitelist: 0, IPv4: 6, IPv6: 7, Min Delay: 0.1 ms, Max Speed: 0.22 M/s, Avg Speed: 0.09 M/s, Max Resolution: 1920x1080
Category: ☘️四川频道, Name: 长宁综合, Total: 2, Valid: 0, Valid Percent: 0.00%, Whitelist: 0, IPv4: 1, IPv6: 1, Min Delay: -1 ms, Max Speed: 0.00 M/s, Avg Speed: 0.00 M/s, Max Resolution: 1920x1080
Category: ☘️四川频道, Name: 雅安公共, Total: 1, Valid: 0, Valid Percent: 0.00%, Whitelist: 0, IPv4: 0, IPv6: 1, Min Delay: -1 ms, Max Speed: 0.00 M/s, Avg Speed: 0.00 M/s, Max Resolution: None
Category: ☘️四川频道, Name: 雅安新闻综合, Total: 14, Valid: 12, Valid Percent: 85.71%, Whitelist: 0, IPv4: 12, IPv6: 2, Min Delay: 2372 ms, Max Speed: 0.76 M/s, Avg Speed: 0.64 M/s, Max Resolution: 1920x1080
Category: ☘️四川频道, Name: 雅安雨城, Total: 1, Valid: 0, Valid Percent: 0.00%, Whitelist: 0, IPv4: 0, IPv6: 1, Min Delay: -1 ms, Max Speed: 0.00 M/s, Avg Speed: 0.00 M/s, Max Resolution: None
Category: ☘️四川频道, Name: 青川综合, Total: 1, Valid: 0, Valid Percent: 0.00%, Whitelist: 0, IPv4: 0, IPv6: 1, Min Delay: -1 ms, Max Speed: 0.00 M/s, Avg Speed: 0.00 M/s, Max Resolution: None
Category: ☘️四川频道, Name: 青神综合, Total: 1, Valid: 0, Valid Percent: 0.00%, Whitelist: 0, IPv4: 0, IPv6: 1, Min Delay: -1 ms, Max Speed: 0.00 M/s, Avg Speed: 0.00 M/s, Max Resolution: None
Category: ☘️四川频道, Name: 马尔康综合, Total: 1, Valid: 0, Valid Percent: 0.00%, Whitelist: 0, IPv4: 1, IPv6: 0, Min Delay: 5344 ms, Max Speed: 0.00 M/s, Avg Speed: 0.00 M/s, Max Resolution: None
Category: ☘️四川频道, Name: 龙泉驿新闻综合, Total: 21, Valid: 0, Valid Percent: 0.00%, Whitelist: 0, IPv4: 0, IPv6: 21, Min Delay: -1 ms, Max Speed: 0.00 M/s, Avg Speed: 0.00 M/s, Max Resolution: None
Category: ☘️陕西频道, Name: 陕西农林卫视, Total: 3, Valid: 0, Valid Percent: 0.00%, Whitelist: 0, IPv4: 1, IPv6: 2, Min Delay: 10580 ms, Max Speed: 0.00 M/s, Avg Speed: 0.00 M/s, Max Resolution: None
Category: ☘️陕西频道, Name: 陕西新闻资讯, Total: 60, Valid: 3, Valid Percent: 5.00%, Whitelist: 0, IPv4: 3, IPv6: 57, Min Delay: 0.1 ms, Max Speed: 0.28 M/s, Avg Speed: 0.18 M/s, Max Resolution: 1920x1080
Category: ☘️陕西频道, Name: 陕西都市青春, Total: 62, Valid: 4, Valid Percent: 6.45%, Whitelist: 0, IPv4: 4, IPv6: 58, Min Delay: 0.1 ms, Max Speed: 0.33 M/s, Avg Speed: 0.10 M/s, Max Resolution: 1920x1080
Category: ☘️陕西频道, Name: 陕西生活, Total: 2, Valid: 1, Valid Percent: 50.00%, Whitelist: 0, IPv4: 1, IPv6: 1, Min Delay: 0.1 ms, Max Speed: 0.00 M/s, Avg Speed: 0.00 M/s, Max Resolution: 1920x1080
Category: ☘️陕西频道, Name: 陕西公共, Total: 3, Valid: 2, Valid Percent: 66.67%, Whitelist: 0, IPv4: 1, IPv6: 2, Min Delay: 0.1 ms, Max Speed: 0.00 M/s, Avg Speed: 0.00 M/s, Max Resolution: 1920x1080
Category: ☘️陕西频道, Name: 陕西体育休闲, Total: 42, Valid: 2, Valid Percent: 4.76%, Whitelist: 0, IPv4: 2, IPv6: 40, Min Delay: 0.1 ms, Max Speed: 0.32 M/s, Avg Speed: 0.16 M/s, Max Resolution: 1920x1080
Category: ☘️陕西频道, Name: 陕西影视, Total: 3, Valid: 2, Valid Percent: 66.67%, Whitelist: 0, IPv4: 1, IPv6: 2, Min Delay: 0.1 ms, Max Speed: 0.00 M/s, Avg Speed: 0.00 M/s, Max Resolution: 1920x1080
Category: ☘️福建频道, Name: 三明新闻综合, Total: 2, Valid: 2, Valid Percent: 100.00%, Whitelist: 0, IPv4: 0, IPv6: 2, Min Delay: 0.1 ms, Max Speed: 0.00 M/s, Avg Speed: 0.00 M/s, Max Resolution: 1920x1080
Category: ☘️福建频道, Name: 云霄综合, Total: 24, Valid: 3, Valid Percent: 12.50%, Whitelist: 0, IPv4: 0, IPv6: 24, Min Delay: 0.1 ms, Max Speed: 0.00 M/s, Avg Speed: 0.00 M/s, Max Resolution: 1920x1080
Category: ☘️福建频道, Name: 厦门卫视, Total: 69, Valid: 37, Valid Percent: 53.62%, Whitelist: 0, IPv4: 10, IPv6: 59, Min Delay: 0.1 ms, Max Speed: 6.65 M/s, Avg Speed: 0.54 M/s, Max Resolution: 1920x1080
Category: ☘️福建频道, Name: 宁化电视一套, Total: 21, Valid: 21, Valid Percent: 100.00%, Whitelist: 0, IPv4: 21, IPv6: 0, Min Delay: 6726 ms, Max Speed: 0.16 M/s, Avg Speed: 0.13 M/s, Max Resolution: 720x576
Category: ☘️福建频道, Name: 德化新闻综合, Total: 1, Valid: 1, Valid Percent: 100.00%, Whitelist: 0, IPv4: 1, IPv6: 0, Min Delay: 10827 ms, Max Speed: 0.21 M/s, Avg Speed: 0.21 M/s, Max Resolution: 1920x1080
Category: ☘️福建频道, Name: 晋江电视台, Total: 1, Valid: 1, Valid Percent: 100.00%, Whitelist: 0, IPv4: 1, IPv6: 0, Min Delay: 10449 ms, Max Speed: 0.09 M/s, Avg Speed: 0.09 M/s, Max Resolution: 1280x720
Category: ☘️福建频道, Name: 漳州新闻综合, Total: 3, Valid: 3, Valid Percent: 100.00%, Whitelist: 0, IPv4: 0, IPv6: 3, Min Delay: 0.1 ms, Max Speed: 0.00 M/s, Avg Speed: 0.00 M/s, Max Resolution: 1920x1080
Category: ☘️福建频道, Name: 福州少儿, Total: 22, Valid: 1, Valid Percent: 4.55%, Whitelist: 0, IPv4: 0, IPv6: 22, Min Delay: 0.1 ms, Max Speed: 0.00 M/s, Avg Speed: 0.00 M/s, Max Resolution: 1920x1080
Category: ☘️福建频道, Name: 福州影院, Total: 1, Valid: 0, Valid Percent: 0.00%, Whitelist: 0, IPv4: 0, IPv6: 1, Min Delay: -1 ms, Max Speed: 0.00 M/s, Avg Speed: 0.00 M/s, Max Resolution: None
Category: ☘️福建频道, Name: 福州生活, Total: 1, Valid: 1, Valid Percent: 100.00%, Whitelist: 0, IPv4: 0, IPv6: 1, Min Delay: 0.1 ms, Max Speed: 0.00 M/s, Avg Speed: 0.00 M/s, Max Resolution: 1920x1080
Category: ☘️福建频道, Name: 福州综合, Total: 1, Valid: 1, Valid Percent: 100.00%, Whitelist: 0, IPv4: 0, IPv6: 1, Min Delay: 0.1 ms, Max Speed: 0.00 M/s, Avg Speed: 0.00 M/s, Max Resolution: 1920x1080
Category: ☘️福建频道, Name: 福建文体, Total: 2, Valid: 2, Valid Percent: 100.00%, Whitelist: 0, IPv4: 2, IPv6: 0, Min Delay: 7995 ms, Max Speed: 1.34 M/s, Avg Speed: 0.83 M/s, Max Resolution: 1920x1080
Category: ☘️福建频道, Name: 福建新闻, Total: 12, Valid: 10, Valid Percent: 83.33%, Whitelist: 0, IPv4: 3, IPv6: 9, Min Delay: 0.1 ms, Max Speed: 1.96 M/s, Avg Speed: 0.42 M/s, Max Resolution: 1920x1080
Category: ☘️福建频道, Name: 福建电视剧, Total: 10, Valid: 8, Valid Percent: 80.00%, Whitelist: 0, IPv4: 2, IPv6: 8, Min Delay: 0.1 ms, Max Speed: 1.01 M/s, Avg Speed: 0.25 M/s, Max Resolution: 1920x1080
Category: ☘️福建频道, Name: 福建经济, Total: 6, Valid: 6, Valid Percent: 100.00%, Whitelist: 0, IPv4: 1, IPv6: 5, Min Delay: 0.1 ms, Max Speed: 2.44 M/s, Avg Speed: 0.41 M/s, Max Resolution: 1920x1080
Category: ☘️福建频道, Name: 福建综合, Total: 13, Valid: 10, Valid Percent: 76.92%, Whitelist: 0, IPv4: 4, IPv6: 9, Min Delay: 0.1 ms, Max Speed: 2.36 M/s, Avg Speed: 0.46 M/s, Max Resolution: 1920x1080
Category: ☘️福建频道, Name: 福建公共, Total: 5, Valid: 2, Valid Percent: 40.00%, Whitelist: 0, IPv4: 2, IPv6: 3, Min Delay: 9600 ms, Max Speed: 1.27 M/s, Avg Speed: 0.69 M/s, Max Resolution: 1920x1080
Category: ☘️福建频道, Name: 福建旅游, Total: 16, Valid: 2, Valid Percent: 12.50%, Whitelist: 0, IPv4: 3, IPv6: 13, Min Delay: 775 ms, Max Speed: 1.56 M/s, Avg Speed: 0.83 M/s, Max Resolution: 1920x1080
Category: ☘️福建频道, Name: 福建经视, Total: 5, Valid: 0, Valid Percent: 0.00%, Whitelist: 0, IPv4: 0, IPv6: 5, Min Delay: -1 ms, Max Speed: 0.00 M/s, Avg Speed: 0.00 M/s, Max Resolution: None
Category: ☘️福建频道, Name: 福建少儿, Total: 9, Valid: 6, Valid Percent: 66.67%, Whitelist: 0, IPv4: 0, IPv6: 9, Min Delay: 0.1 ms, Max Speed: 0.00 M/s, Avg Speed: 0.00 M/s, Max Resolution: 1920x1080
Category: ☘️福建频道, Name: 福建海峡卫视, Total: 8, Valid: 0, Valid Percent: 0.00%, Whitelist: 0, IPv4: 0, IPv6: 8, Min Delay: -1 ms, Max Speed: 0.00 M/s, Avg Speed: 0.00 M/s, Max Resolution: None
Category: ☘️海南频道, Name: 海南新闻, Total: 75, Valid: 3, Valid Percent: 4.00%, Whitelist: 0, IPv4: 0, IPv6: 75, Min Delay: 0.1 ms, Max Speed: 0.00 M/s, Avg Speed: 0.00 M/s, Max Resolution: 1920x1080
Category: ☘️海南频道, Name: 海南自贸, Total: 74, Valid: 1, Valid Percent: 1.35%, Whitelist: 0, IPv4: 0, IPv6: 74, Min Delay: 0.1 ms, Max Speed: 0.00 M/s, Avg Speed: 0.00 M/s, Max Resolution: 1920x1080
Category: ☘️海南频道, Name: 海南文旅, Total: 80, Valid: 3, Valid Percent: 3.75%, Whitelist: 0, IPv4: 0, IPv6: 80, Min Delay: 0.1 ms, Max Speed: 0.00 M/s, Avg Speed: 0.00 M/s, Max Resolution: 1920x1080
Category: ☘️海南频道, Name: 海南少儿, Total: 79, Valid: 2, Valid Percent: 2.53%, Whitelist: 0, IPv4: 1, IPv6: 78, Min Delay: 0.1 ms, Max Speed: 0.32 M/s, Avg Speed: 0.16 M/s, Max Resolution: 1920x1080
Category: ☘️海南频道, Name: 海南公共, Total: 81, Valid: 3, Valid Percent: 3.70%, Whitelist: 0, IPv4: 0, IPv6: 81, Min Delay: 0.1 ms, Max Speed: 0.00 M/s, Avg Speed: 0.00 M/s, Max Resolution: 1920x1080
Category: ☘️河南频道, Name: 梨园, Total: 166, Valid: 162, Valid Percent: 97.59%, Whitelist: 0, IPv4: 162, IPv6: 4, Min Delay: 1562 ms, Max Speed: 0.76 M/s, Avg Speed: 0.61 M/s, Max Resolution: 1920x1080
Category: ☘️河南频道, Name: 临颍综合, Total: 2, Valid: 1, Valid Percent: 50.00%, Whitelist: 0, IPv4: 0, IPv6: 2, Min Delay: 0.1 ms, Max Speed: 0.00 M/s, Avg Speed: 0.00 M/s, Max Resolution: 1920x1080
Category: ☘️河南频道, Name: 义马新闻综合, Total: 22, Valid: 1, Valid Percent: 4.55%, Whitelist: 0, IPv4: 0, IPv6: 22, Min Delay: 0.1 ms, Max Speed: 0.00 M/s, Avg Speed: 0.00 M/s, Max Resolution: 1920x1080
Category: ☘️河南频道, Name: 光山综合, Total: 2, Valid: 1, Valid Percent: 50.00%, Whitelist: 0, IPv4: 0, IPv6: 2, Min Delay: 0.1 ms, Max Speed: 0.00 M/s, Avg Speed: 0.00 M/s, Max Resolution: 1920x1080
Category: ☘️河南频道, Name: 兰考新闻, Total: 3, Valid: 1, Valid Percent: 33.33%, Whitelist: 0, IPv4: 0, IPv6: 3, Min Delay: 0.1 ms, Max Speed: 0.00 M/s, Avg Speed: 0.00 M/s, Max Resolution: 1920x1080
Category: ☘️河南频道, Name: 卫辉综合, Total: 4, Valid: 1, Valid Percent: 25.00%, Whitelist: 0, IPv4: 0, IPv6: 4, Min Delay: 0.1 ms, Max Speed: 0.00 M/s, Avg Speed: 0.00 M/s, Max Resolution: 1920x1080
Category: ☘️河南频道, Name: 叶县, Total: 3, Valid: 1, Valid Percent: 33.33%, Whitelist: 0, IPv4: 0, IPv6: 3, Min Delay: 0.1 ms, Max Speed: 0.00 M/s, Avg Speed: 0.00 M/s, Max Resolution: 1920x1080
Category: ☘️河南频道, Name: 唐河一套, Total: 25, Valid: 1, Valid Percent: 4.00%, Whitelist: 0, IPv4: 0, IPv6: 25, Min Delay: 0.1 ms, Max Speed: 0.00 M/s, Avg Speed: 0.00 M/s, Max Resolution: 1920x1080
Category: ☘️河南频道, Name: 固始综合, Total: 2, Valid: 1, Valid Percent: 50.00%, Whitelist: 0, IPv4: 0, IPv6: 2, Min Delay: 0.1 ms, Max Speed: 0.00 M/s, Avg Speed: 0.00 M/s, Max Resolution: 1920x1080
Category: ☘️河南频道, Name: 宝丰综合, Total: 3, Valid: 1, Valid Percent: 33.33%, Whitelist: 0, IPv4: 0, IPv6: 3, Min Delay: 0.1 ms, Max Speed: 0.00 M/s, Avg Speed: 0.00 M/s, Max Resolution: 1920x1080
Category: ☘️河南频道, Name: 巩义新闻综合, Total: 3, Valid: 1, Valid Percent: 33.33%, Whitelist: 0, IPv4: 0, IPv6: 3, Min Delay: 0.1 ms, Max Speed: 0.00 M/s, Avg Speed: 0.00 M/s, Max Resolution: 1920x1080
Category: ☘️河南频道, Name: 扶沟综合, Total: 3, Valid: 1, Valid Percent: 33.33%, Whitelist: 0, IPv4: 0, IPv6: 3, Min Delay: 0.1 ms, Max Speed: 0.00 M/s, Avg Speed: 0.00 M/s, Max Resolution: 1920x1080
Category: ☘️河南频道, Name: 新乡县电视台, Total: 23, Valid: 1, Valid Percent: 4.35%, Whitelist: 0, IPv4: 0, IPv6: 23, Min Delay: 0.1 ms, Max Speed: 0.00 M/s, Avg Speed: 0.00 M/s, Max Resolution: 1920x1080
Category: ☘️河南频道, Name: 新县综合, Total: 2, Valid: 1, Valid Percent: 50.00%, Whitelist: 0, IPv4: 0, IPv6: 2, Min Delay: 0.1 ms, Max Speed: 0.00 M/s, Avg Speed: 0.00 M/s, Max Resolution: 1920x1080
Category: ☘️河南频道, Name: 新蔡综合, Total: 23, Valid: 1, Valid Percent: 4.35%, Whitelist: 0, IPv4: 0, IPv6: 23, Min Delay: 0.1 ms, Max Speed: 0.00 M/s, Avg Speed: 0.00 M/s, Max Resolution: 1920x1080
Category: ☘️河南频道, Name: 桐柏新闻综合, Total: 22, Valid: 1, Valid Percent: 4.55%, Whitelist: 0, IPv4: 0, IPv6: 22, Min Delay: 0.1 ms, Max Speed: 0.00 M/s, Avg Speed: 0.00 M/s, Max Resolution: 1920x1080
Category: ☘️河南频道, Name: 泌阳新闻综合, Total: 23, Valid: 1, Valid Percent: 4.35%, Whitelist: 0, IPv4: 0, IPv6: 23, Min Delay: 0.1 ms, Max Speed: 0.00 M/s, Avg Speed: 0.00 M/s, Max Resolution: 1920x1080
Category: ☘️河南频道, Name: 淅川电视, Total: 2, Valid: 0, Valid Percent: 0.00%, Whitelist: 0, IPv4: 0, IPv6: 2, Min Delay: -1 ms, Max Speed: 0.00 M/s, Avg Speed: 0.00 M/s, Max Resolution: None
Category: ☘️河南频道, Name: 渑池新闻综合, Total: 22, Valid: 1, Valid Percent: 4.55%, Whitelist: 0, IPv4: 0, IPv6: 22, Min Delay: 0.1 ms, Max Speed: 0.00 M/s, Avg Speed: 0.00 M/s, Max Resolution: 1920x1080
Category: ☘️河南频道, Name: 温县综合, Total: 23, Valid: 1, Valid Percent: 4.35%, Whitelist: 0, IPv4: 0, IPv6: 23, Min Delay: 0.1 ms, Max Speed: 0.00 M/s, Avg Speed: 0.00 M/s, Max Resolution: 1920x1080
Category: ☘️河南频道, Name: 潢川综合, Total: 2, Valid: 1, Valid Percent: 50.00%, Whitelist: 0, IPv4: 0, IPv6: 2, Min Delay: 0.1 ms, Max Speed: 0.00 M/s, Avg Speed: 0.00 M/s, Max Resolution: 1920x1080
Category: ☘️河南频道, Name: 焦作综合, Total: 1, Valid: 0, Valid Percent: 0.00%, Whitelist: 0, IPv4: 0, IPv6: 1, Min Delay: -1 ms, Max Speed: 0.00 M/s, Avg Speed: 0.00 M/s, Max Resolution: None
Category: ☘️河南频道, Name: 登封综合, Total: 3, Valid: 1, Valid Percent: 33.33%, Whitelist: 0, IPv4: 0, IPv6: 3, Min Delay: 0.1 ms, Max Speed: 0.00 M/s, Avg Speed: 0.00 M/s, Max Resolution: 1920x1080
Category: ☘️河南频道, Name: 禹州综合, Total: 23, Valid: 1, Valid Percent: 4.35%, Whitelist: 0, IPv4: 0, IPv6: 23, Min Delay: 0.1 ms, Max Speed: 0.00 M/s, Avg Speed: 0.00 M/s, Max Resolution: 1920x1080
Category: ☘️河南频道, Name: 西华综合, Total: 3, Valid: 1, Valid Percent: 33.33%, Whitelist: 0, IPv4: 0, IPv6: 3, Min Delay: 0.1 ms, Max Speed: 0.00 M/s, Avg Speed: 0.00 M/s, Max Resolution: 1920x1080
Category: ☘️河南频道, Name: 郏县综合, Total: 3, Valid: 1, Valid Percent: 33.33%, Whitelist: 0, IPv4: 0, IPv6: 3, Min Delay: 0.1 ms, Max Speed: 0.00 M/s, Avg Speed: 0.00 M/s, Max Resolution: 1920x1080
Category: ☘️河南频道, Name: 郸城新闻综合, Total: 26, Valid: 1, Valid Percent: 3.85%, Whitelist: 0, IPv4: 0, IPv6: 26, Min Delay: 0.1 ms, Max Speed: 0.00 M/s, Avg Speed: 0.00 M/s, Max Resolution: 1920x1080
Category: ☘️河南频道, Name: 鄢陵综合, Total: 3, Valid: 1, Valid Percent: 33.33%, Whitelist: 0, IPv4: 0, IPv6: 3, Min Delay: 0.1 ms, Max Speed: 0.00 M/s, Avg Speed: 0.00 M/s, Max Resolution: 1920x1080
Category: ☘️河南频道, Name: 项城新闻, Total: 2, Valid: 1, Valid Percent: 50.00%, Whitelist: 0, IPv4: 0, IPv6: 2, Min Delay: 0.1 ms, Max Speed: 0.00 M/s, Avg Speed: 0.00 M/s, Max Resolution: 1920x1080
Category: ☘️河南频道, Name: 鹤壁综合, Total: 1, Valid: 0, Valid Percent: 0.00%, Whitelist: 0, IPv4: 0, IPv6: 1, Min Delay: -1 ms, Max Speed: 0.00 M/s, Avg Speed: 0.00 M/s, Max Resolution: None
Category: ☘️河南频道, Name: 邓州新闻, Total: 23, Valid: 1, Valid Percent: 4.35%, Whitelist: 0, IPv4: 0, IPv6: 23, Min Delay: 0.1 ms, Max Speed: 0.00 M/s, Avg Speed: 0.00 M/s, Max Resolution: 1920x1080
Category: ☘️河南频道, Name: 许昌公共, Total: 1, Valid: 0, Valid Percent: 0.00%, Whitelist: 0, IPv4: 0, IPv6: 1, Min Delay: -1 ms, Max Speed: 0.00 M/s, Avg Speed: 0.00 M/s, Max Resolution: None
Category: ☘️河南频道, Name: 荥阳综合, Total: 24, Valid: 3, Valid Percent: 12.50%, Whitelist: 0, IPv4: 0, IPv6: 24, Min Delay: 0.1 ms, Max Speed: 0.00 M/s, Avg Speed: 0.00 M/s, Max Resolution: 1920x1080
Category: ☘️河南频道, Name: 禹州公共, Total: 3, Valid: 1, Valid Percent: 33.33%, Whitelist: 0, IPv4: 0, IPv6: 3, Min Delay: 0.1 ms, Max Speed: 0.00 M/s, Avg Speed: 0.00 M/s, Max Resolution: 1920x1080
Category: ☘️河南频道, Name: 焦作教育, Total: 1, Valid: 0, Valid Percent: 0.00%, Whitelist: 0, IPv4: 0, IPv6: 1, Min Delay: -1 ms, Max Speed: 0.00 M/s, Avg Speed: 0.00 M/s, Max Resolution: None
Category: ☘️河南频道, Name: 焦作公共, Total: 1, Valid: 0, Valid Percent: 0.00%, Whitelist: 0, IPv4: 0, IPv6: 1, Min Delay: -1 ms, Max Speed: 0.00 M/s, Avg Speed: 0.00 M/s, Max Resolution: None
Category: ☘️河南频道, Name: 灵宝新闻综合, Total: 23, Valid: 2, Valid Percent: 8.70%, Whitelist: 0, IPv4: 1, IPv6: 22, Min Delay: 0.1 ms, Max Speed: 0.11 M/s, Avg Speed: 0.05 M/s, Max Resolution: 1920x1080
Category: ☘️河南频道, Name: 濮阳公共, Total: 1, Valid: 0, Valid Percent: 0.00%, Whitelist: 0, IPv4: 0, IPv6: 1, Min Delay: -1 ms, Max Speed: 0.00 M/s, Avg Speed: 0.00 M/s, Max Resolution: None
Category: ☘️河南频道, Name: 滑县新闻, Total: 23, Valid: 1, Valid Percent: 4.35%, Whitelist: 0, IPv4: 0, IPv6: 23, Min Delay: 0.1 ms, Max Speed: 0.00 M/s, Avg Speed: 0.00 M/s, Max Resolution: 1920x1080
Category: ☘️河南频道, Name: 济源电视一套, Total: 2, Valid: 1, Valid Percent: 50.00%, Whitelist: 0, IPv4: 0, IPv6: 2, Min Delay: 0.1 ms, Max Speed: 0.00 M/s, Avg Speed: 0.00 M/s, Max Resolution: 1920x1080
Category: ☘️河南频道, Name: 洛阳综合, Total: 2, Valid: 1, Valid Percent: 50.00%, Whitelist: 0, IPv4: 0, IPv6: 2, Min Delay: 0.1 ms, Max Speed: 0.00 M/s, Avg Speed: 0.00 M/s, Max Resolution: 1920x1080
Category: ☘️河南频道, Name: 洛阳科教, Total: 2, Valid: 1, Valid Percent: 50.00%, Whitelist: 0, IPv4: 0, IPv6: 2, Min Delay: 0.1 ms, Max Speed: 0.00 M/s, Avg Speed: 0.00 M/s, Max Resolution: 1920x1080
Category: ☘️河南频道, Name: 洛阳文旅, Total: 2, Valid: 1, Valid Percent: 50.00%, Whitelist: 0, IPv4: 0, IPv6: 2, Min Delay: 0.1 ms, Max Speed: 0.00 M/s, Avg Speed: 0.00 M/s, Max Resolution: 1920x1080
Category: ☘️河南频道, Name: 河南都市, Total: 127, Valid: 8, Valid Percent: 6.30%, Whitelist: 0, IPv4: 3, IPv6: 124, Min Delay: 0.1 ms, Max Speed: 35.16 M/s, Avg Speed: 11.20 M/s, Max Resolution: 1920x1080
Category: ☘️河南频道, Name: 河南民生, Total: 124, Valid: 7, Valid Percent: 5.65%, Whitelist: 0, IPv4: 2, IPv6: 122, Min Delay: 0.1 ms, Max Speed: 39.19 M/s, Avg Speed: 10.92 M/s, Max Resolution: 1920x1080
Category: ☘️河南频道, Name: 沁阳新闻综合, Total: 23, Valid: 2, Valid Percent: 8.70%, Whitelist: 0, IPv4: 0, IPv6: 23, Min Delay: 0.1 ms, Max Speed: 0.00 M/s, Avg Speed: 0.00 M/s, Max Resolution: 1920x1080
Category: ☘️河南频道, Name: 永城综合, Total: 3, Valid: 2, Valid Percent: 66.67%, Whitelist: 0, IPv4: 0, IPv6: 3, Min Delay: 0.1 ms, Max Speed: 0.00 M/s, Avg Speed: 0.00 M/s, Max Resolution: 1920x1080
Category: ☘️河南频道, Name: 永城卫建, Total: 1, Valid: 0, Valid Percent: 0.00%, Whitelist: 0, IPv4: 0, IPv6: 1, Min Delay: -1 ms, Max Speed: 0.00 M/s, Avg Speed: 0.00 M/s, Max Resolution: None
Category: ☘️河南频道, Name: 方城一套, Total: 22, Valid: 1, Valid Percent: 4.55%, Whitelist: 0, IPv4: 0, IPv6: 22, Min Delay: 0.1 ms, Max Speed: 0.00 M/s, Avg Speed: 0.00 M/s, Max Resolution: 1920x1080
Category: ☘️河南频道, Name: 新野综合, Total: 24, Valid: 1, Valid Percent: 4.17%, Whitelist: 0, IPv4: 0, IPv6: 24, Min Delay: 0.1 ms, Max Speed: 0.00 M/s, Avg Speed: 0.00 M/s, Max Resolution: 1920x1080
Category: ☘️河南频道, Name: 新安新闻综合, Total: 23, Valid: 2, Valid Percent: 8.70%, Whitelist: 0, IPv4: 0, IPv6: 23, Min Delay: 0.1 ms, Max Speed: 0.00 M/s, Avg Speed: 0.00 M/s, Max Resolution: 1920x1080
Category: ☘️河南频道, Name: 开封新闻综合, Total: 24, Valid: 4, Valid Percent: 16.67%, Whitelist: 0, IPv4: 1, IPv6: 23, Min Delay: 0.1 ms, Max Speed: 39.10 M/s, Avg Speed: 9.77 M/s, Max Resolution: 1920x1080
Category: ☘️河南频道, Name: 开封文化旅游, Total: 24, Valid: 3, Valid Percent: 12.50%, Whitelist: 0, IPv4: 0, IPv6: 24, Min Delay: 0.1 ms, Max Speed: 0.00 M/s, Avg Speed: 0.00 M/s, Max Resolution: 1920x1080
Category: ☘️河南频道, Name: 嵩县综合新闻, Total: 25, Valid: 2, Valid Percent: 8.00%, Whitelist: 0, IPv4: 0, IPv6: 25, Min Delay: 0.1 ms, Max Speed: 0.00 M/s, Avg Speed: 0.00 M/s, Max Resolution: 1920x1080
Category: ☘️河南频道, Name: 宜阳综合, Total: 4, Valid: 1, Valid Percent: 25.00%, Whitelist: 0, IPv4: 0, IPv6: 4, Min Delay: 0.1 ms, Max Speed: 0.00 M/s, Avg Speed: 0.00 M/s, Max Resolution: 1920x1080
Category: ☘️河南频道, Name: 周口新闻综合, Total: 3, Valid: 3, Valid Percent: 100.00%, Whitelist: 0, IPv4: 1, IPv6: 2, Min Delay: 0.1 ms, Max Speed: 8.28 M/s, Avg Speed: 2.76 M/s, Max Resolution: 1920x1080
Category: ☘️河南频道, Name: 内黄综合, Total: 3, Valid: 1, Valid Percent: 33.33%, Whitelist: 0, IPv4: 0, IPv6: 3, Min Delay: 0.1 ms, Max Speed: 0.00 M/s, Avg Speed: 0.00 M/s, Max Resolution: 1920x1080
Category: ☘️河南频道, Name: 内乡综合, Total: 23, Valid: 1, Valid Percent: 4.35%, Whitelist: 0, IPv4: 0, IPv6: 23, Min Delay: 0.1 ms, Max Speed: 0.00 M/s, Avg Speed: 0.00 M/s, Max Resolution: 1920x1080
Category: ☘️河南频道, Name: 偃师新闻, Total: 2, Valid: 1, Valid Percent: 50.00%, Whitelist: 0, IPv4: 0, IPv6: 2, Min Delay: 0.1 ms, Max Speed: 0.00 M/s, Avg Speed: 0.00 M/s, Max Resolution: 1920x1080
Category: ☘️河北频道, Name: 鹿泉一套, Total: 3, Valid: 1, Valid Percent: 33.33%, Whitelist: 0, IPv4: 0, IPv6: 3, Min Delay: 0.1 ms, Max Speed: 0.00 M/s, Avg Speed: 0.00 M/s, Max Resolution: 1920x1080
Category: ☘️河北频道, Name: 邯郸科技教育, Total: 18, Valid: 1, Valid Percent: 5.56%, Whitelist: 0, IPv4: 0, IPv6: 18, Min Delay: 0.1 ms, Max Speed: 0.00 M/s, Avg Speed: 0.00 M/s, Max Resolution: 1920x1080
Category: ☘️河北频道, Name: 邯郸公共, Total: 4, Valid: 2, Valid Percent: 50.00%, Whitelist: 0, IPv4: 1, IPv6: 3, Min Delay: 0.1 ms, Max Speed: 0.00 M/s, Avg Speed: 0.00 M/s, Max Resolution: 1920x1080
Category: ☘️河北频道, Name: 邯郸新闻, Total: 1, Valid: 0, Valid Percent: 0.00%, Whitelist: 0, IPv4: 0, IPv6: 1, Min Delay: -1 ms, Max Speed: 0.00 M/s, Avg Speed: 0.00 M/s, Max Resolution: None
Category: ☘️河北频道, Name: 邯郸科教, Total: 3, Valid: 1, Valid Percent: 33.33%, Whitelist: 0, IPv4: 1, IPv6: 2, Min Delay: 0.1 ms, Max Speed: 0.00 M/s, Avg Speed: 0.00 M/s, Max Resolution: 1920x1080
Category: ☘️河北频道, Name: 邢台综合, Total: 20, Valid: 8, Valid Percent: 40.00%, Whitelist: 0, IPv4: 0, IPv6: 20, Min Delay: 0.1 ms, Max Speed: 0.00 M/s, Avg Speed: 0.00 M/s, Max Resolution: 1920x1080
Category: ☘️河北频道, Name: 衡水公共, Total: 1, Valid: 1, Valid Percent: 100.00%, Whitelist: 0, IPv4: 0, IPv6: 1, Min Delay: 0.1 ms, Max Speed: 0.00 M/s, Avg Speed: 0.00 M/s, Max Resolution: 1920x1080
Category: ☘️河北频道, Name: 石家庄都市, Total: 9, Valid: 4, Valid Percent: 44.44%, Whitelist: 0, IPv4: 0, IPv6: 9, Min Delay: 0.1 ms, Max Speed: 0.00 M/s, Avg Speed: 0.00 M/s, Max Resolution: 1920x1080
Category: ☘️河北频道, Name: 石家庄生活, Total: 7, Valid: 4, Valid Percent: 57.14%, Whitelist: 0, IPv4: 0, IPv6: 7, Min Delay: 0.1 ms, Max Speed: 0.00 M/s, Avg Speed: 0.00 M/s, Max Resolution: 1920x1080
Category: ☘️河北频道, Name: 石家庄新闻综合, Total: 15, Valid: 5, Valid Percent: 33.33%, Whitelist: 0, IPv4: 0, IPv6: 15, Min Delay: 0.1 ms, Max Speed: 0.00 M/s, Avg Speed: 0.00 M/s, Max Resolution: 1920x1080
Category: ☘️河北频道, Name: 石家庄娱乐, Total: 10, Valid: 5, Valid Percent: 50.00%, Whitelist: 0, IPv4: 0, IPv6: 10, Min Delay: 0.1 ms, Max Speed: 0.00 M/s, Avg Speed: 0.00 M/s, Max Resolution: 1920x1080
Category: ☘️河北频道, Name: 滦平新闻, Total: 1, Valid: 1, Valid Percent: 100.00%, Whitelist: 0, IPv4: 0, IPv6: 1, Min Delay: 0.1 ms, Max Speed: 0.00 M/s, Avg Speed: 0.00 M/s, Max Resolution: 1920x1080
Category: ☘️河北频道, Name: 河北都市, Total: 29, Valid: 18, Valid Percent: 62.07%, Whitelist: 0, IPv4: 1, IPv6: 28, Min Delay: 0.1 ms, Max Speed: 0.09 M/s, Avg Speed: 0.01 M/s, Max Resolution: 1920x1080
Category: ☘️河北频道, Name: 河北农民, Total: 31, Valid: 16, Valid Percent: 51.61%, Whitelist: 0, IPv4: 0, IPv6: 31, Min Delay: 0.1 ms, Max Speed: 0.00 M/s, Avg Speed: 0.00 M/s, Max Resolution: 1920x1080
Category: ☘️河北频道, Name: 昌黎综合, Total: 2, Valid: 0, Valid Percent: 0.00%, Whitelist: 0, IPv4: 0, IPv6: 2, Min Delay: -1 ms, Max Speed: 0.00 M/s, Avg Speed: 0.00 M/s, Max Resolution: None
Category: ☘️河北频道, Name: 任丘文娱, Total: 22, Valid: 1, Valid Percent: 4.55%, Whitelist: 0, IPv4: 0, IPv6: 22, Min Delay: 0.1 ms, Max Speed: 0.00 M/s, Avg Speed: 0.00 M/s, Max Resolution: 1920x1080
Category: ☘️河北频道, Name: 任丘综合, Total: 22, Valid: 1, Valid Percent: 4.55%, Whitelist: 0, IPv4: 0, IPv6: 22, Min Delay: 0.1 ms, Max Speed: 0.00 M/s, Avg Speed: 0.00 M/s, Max Resolution: 1920x1080
Category: ☘️河北频道, Name: 兴隆综合, Total: 4, Valid: 1, Valid Percent: 25.00%, Whitelist: 0, IPv4: 1, IPv6: 3, Min Delay: 0.1 ms, Max Speed: 0.00 M/s, Avg Speed: 0.00 M/s, Max Resolution: 1920x1080
Category: ☘️河北频道, Name: 平泉影视, Total: 2, Valid: 0, Valid Percent: 0.00%, Whitelist: 0, IPv4: 0, IPv6: 2, Min Delay: -1 ms, Max Speed: 0.00 M/s, Avg Speed: 0.00 M/s, Max Resolution: None
Category: ☘️河北频道, Name: 平泉综合, Total: 3, Valid: 1, Valid Percent: 33.33%, Whitelist: 0, IPv4: 1, IPv6: 2, Min Delay: 0.1 ms, Max Speed: 0.00 M/s, Avg Speed: 0.00 M/s, Max Resolution: 1920x1080
Category: ☘️河北频道, Name: 昌黎, Total: 1, Valid: 1, Valid Percent: 100.00%, Whitelist: 0, IPv4: 0, IPv6: 1, Min Delay: 0.1 ms, Max Speed: 0.00 M/s, Avg Speed: 0.00 M/s, Max Resolution: 1920x1080
Category: ☘️河北频道, Name: 清河新闻综合, Total: 16, Valid: 1, Valid Percent: 6.25%, Whitelist: 0, IPv4: 0, IPv6: 16, Min Delay: 0.1 ms, Max Speed: 0.00 M/s, Avg Speed: 0.00 M/s, Max Resolution: 1920x1080
Category: ☘️河北频道, Name: 清河经济综艺, Total: 23, Valid: 1, Valid Percent: 4.35%, Whitelist: 0, IPv4: 1, IPv6: 22, Min Delay: 0.1 ms, Max Speed: 0.00 M/s, Avg Speed: 0.00 M/s, Max Resolution: 1920x1080
Category: ☘️贵州频道, Name: 七星关电视台, Total: 1, Valid: 1, Valid Percent: 100.00%, Whitelist: 0, IPv4: 1, IPv6: 0, Min Delay: 2797 ms, Max Speed: 5.11 M/s, Avg Speed: 5.11 M/s, Max Resolution: 1920x1080
Category: ☘️贵州频道, Name: 安顺新闻, Total: 2, Valid: 2, Valid Percent: 100.00%, Whitelist: 0, IPv4: 0, IPv6: 2, Min Delay: 0.1 ms, Max Speed: 0.00 M/s, Avg Speed: 0.00 M/s, Max Resolution: 1920x1080
Category: ☘️贵州频道, Name: 贵州2, Total: 1, Valid: 0, Valid Percent: 0.00%, Whitelist: 0, IPv4: 0, IPv6: 1, Min Delay: -1 ms, Max Speed: 0.00 M/s, Avg Speed: 0.00 M/s, Max Resolution: None
Category: ☘️贵州频道, Name: 贵州3, Total: 1, Valid: 0, Valid Percent: 0.00%, Whitelist: 0, IPv4: 0, IPv6: 1, Min Delay: -1 ms, Max Speed: 0.00 M/s, Avg Speed: 0.00 M/s, Max Resolution: None
Category: ☘️贵州频道, Name: 贵州4, Total: 1, Valid: 0, Valid Percent: 0.00%, Whitelist: 0, IPv4: 0, IPv6: 1, Min Delay: -1 ms, Max Speed: 0.00 M/s, Avg Speed: 0.00 M/s, Max Resolution: None
Category: ☘️贵州频道, Name: 贵州5, Total: 1, Valid: 0, Valid Percent: 0.00%, Whitelist: 0, IPv4: 0, IPv6: 1, Min Delay: -1 ms, Max Speed: 0.00 M/s, Avg Speed: 0.00 M/s, Max Resolution: None
Category: ☘️贵州频道, Name: 贵州6, Total: 1, Valid: 0, Valid Percent: 0.00%, Whitelist: 0, IPv4: 0, IPv6: 1, Min Delay: -1 ms, Max Speed: 0.00 M/s, Avg Speed: 0.00 M/s, Max Resolution: None
Category: ☘️贵州频道, Name: 贵州移动电视, Total: 1, Valid: 0, Valid Percent: 0.00%, Whitelist: 0, IPv4: 1, IPv6: 0, Min Delay: 2902 ms, Max Speed: 0.00 M/s, Avg Speed: 0.00 M/s, Max Resolution: None
Category: ☘️甘肃频道, Name: 甘肃经济, Total: 1, Valid: 1, Valid Percent: 100.00%, Whitelist: 0, IPv4: 0, IPv6: 1, Min Delay: 0.1 ms, Max Speed: 0.00 M/s, Avg Speed: 0.00 M/s, Max Resolution: 1920x1080
Category: ☘️甘肃频道, Name: 甘肃公共, Total: 1, Valid: 1, Valid Percent: 100.00%, Whitelist: 0, IPv4: 0, IPv6: 1, Min Delay: 0.1 ms, Max Speed: 0.00 M/s, Avg Speed: 0.00 M/s, Max Resolution: 1920x1080
Category: ☘️甘肃频道, Name: 甘肃都市, Total: 1, Valid: 1, Valid Percent: 100.00%, Whitelist: 0, IPv4: 0, IPv6: 1, Min Delay: 0.1 ms, Max Speed: 0.00 M/s, Avg Speed: 0.00 M/s, Max Resolution: 1920x1080
Category: ☘️甘肃频道, Name: 临夏市电视台, Total: 1, Valid: 1, Valid Percent: 100.00%, Whitelist: 0, IPv4: 1, IPv6: 0, Min Delay: 2726 ms, Max Speed: 0.38 M/s, Avg Speed: 0.38 M/s, Max Resolution: 1920x1080
Category: ☘️甘肃频道, Name: 嘉峪关综合, Total: 2, Valid: 2, Valid Percent: 100.00%, Whitelist: 0, IPv4: 2, IPv6: 0, Min Delay: 1973 ms, Max Speed: 0.96 M/s, Avg Speed: 0.62 M/s, Max Resolution: 1920x1080
Category: ☘️甘肃频道, Name: 天水新闻综合, Total: 21, Valid: 1, Valid Percent: 4.76%, Whitelist: 0, IPv4: 21, IPv6: 0, Min Delay: 1644 ms, Max Speed: 0.44 M/s, Avg Speed: 0.44 M/s, Max Resolution: 1440x720
Category: ☘️甘肃频道, Name: 平凉新闻综合, Total: 6, Valid: 1, Valid Percent: 16.67%, Whitelist: 0, IPv4: 1, IPv6: 5, Min Delay: 1227 ms, Max Speed: 0.41 M/s, Avg Speed: 0.41 M/s, Max Resolution: 720x404
Category: ☘️甘肃频道, Name: 张掖新闻综合, Total: 20, Valid: 0, Valid Percent: 0.00%, Whitelist: 0, IPv4: 20, IPv6: 0, Min Delay: -1 ms, Max Speed: 0.00 M/s, Avg Speed: 0.00 M/s, Max Resolution: 1920x1080
Category: ☘️甘肃频道, Name: 敦煌综合, Total: 1, Valid: 1, Valid Percent: 100.00%, Whitelist: 0, IPv4: 1, IPv6: 0, Min Delay: 1188 ms, Max Speed: 0.16 M/s, Avg Speed: 0.16 M/s, Max Resolution: 800x600
Category: ☘️甘肃频道, Name: 永昌综合, Total: 3, Valid: 2, Valid Percent: 66.67%, Whitelist: 0, IPv4: 3, IPv6: 0, Min Delay: 2037 ms, Max Speed: 0.59 M/s, Avg Speed: 0.58 M/s, Max Resolution: 1920x1080
Category: ☘️甘肃频道, Name: 甘南综合, Total: 1, Valid: 1, Valid Percent: 100.00%, Whitelist: 0, IPv4: 1, IPv6: 0, Min Delay: 1613 ms, Max Speed: 0.30 M/s, Avg Speed: 0.30 M/s, Max Resolution: 1920x1080
Category: ☘️甘肃频道, Name: 甘南藏语, Total: 2, Valid: 2, Valid Percent: 100.00%, Whitelist: 0, IPv4: 2, IPv6: 0, Min Delay: 1210 ms, Max Speed: 0.40 M/s, Avg Speed: 0.35 M/s, Max Resolution: 1920x1080
Category: ☘️甘肃频道, Name: 甘肃少儿, Total: 2, Valid: 1, Valid Percent: 50.00%, Whitelist: 0, IPv4: 0, IPv6: 2, Min Delay: 0.1 ms, Max Speed: 0.00 M/s, Avg Speed: 0.00 M/s, Max Resolution: 1920x1080
Category: ☘️甘肃频道, Name: 白银文化教育, Total: 17, Valid: 1, Valid Percent: 5.88%, Whitelist: 0, IPv4: 17, IPv6: 0, Min Delay: 2785 ms, Max Speed: 0.56 M/s, Avg Speed: 0.56 M/s, Max Resolution: 1920x1080
Category: ☘️甘肃频道, Name: 白银综合, Total: 2, Valid: 2, Valid Percent: 100.00%, Whitelist: 0, IPv4: 2, IPv6: 0, Min Delay: 2012 ms, Max Speed: 0.92 M/s, Avg Speed: 0.82 M/s, Max Resolution: 1920x1080
Category: ☘️甘肃频道, Name: 秦安综合, Total: 1, Valid: 1, Valid Percent: 100.00%, Whitelist: 0, IPv4: 1, IPv6: 0, Min Delay: 1849 ms, Max Speed: 0.51 M/s, Avg Speed: 0.51 M/s, Max Resolution: 1920x1080
Category: ☘️甘肃频道, Name: 西和综合, Total: 1, Valid: 1, Valid Percent: 100.00%, Whitelist: 0, IPv4: 1, IPv6: 0, Min Delay: 1808 ms, Max Speed: 0.99 M/s, Avg Speed: 0.99 M/s, Max Resolution: 1920x1080
Category: ☘️甘肃频道, Name: 西峰综合, Total: 2, Valid: 2, Valid Percent: 100.00%, Whitelist: 0, IPv4: 2, IPv6: 0, Min Delay: 2201 ms, Max Speed: 1.05 M/s, Avg Speed: 1.02 M/s, Max Resolution: 1280x720
Category: ☘️甘肃频道, Name: 酒泉综合, Total: 1, Valid: 1, Valid Percent: 100.00%, Whitelist: 0, IPv4: 0, IPv6: 1, Min Delay: 0.1 ms, Max Speed: 0.00 M/s, Avg Speed: 0.00 M/s, Max Resolution: 1920x1080
Category: ☘️甘肃频道, Name: 陇西综合, Total: 1, Valid: 1, Valid Percent: 100.00%, Whitelist: 0, IPv4: 1, IPv6: 0, Min Delay: 2027 ms, Max Speed: 0.95 M/s, Avg Speed: 0.95 M/s, Max Resolution: 1920x1080
Category: ☘️新疆频道, Name: 克拉玛依汉语综合, Total: 1, Valid: 0, Valid Percent: 0.00%, Whitelist: 0, IPv4: 0, IPv6: 1, Min Delay: -1 ms, Max Speed: 0.00 M/s, Avg Speed: 0.00 M/s, Max Resolution: None
Category: ☘️新疆频道, Name: 克拉玛依维语综合, Total: 1, Valid: 0, Valid Percent: 0.00%, Whitelist: 0, IPv4: 0, IPv6: 1, Min Delay: -1 ms, Max Speed: 0.00 M/s, Avg Speed: 0.00 M/s, Max Resolution: None
Category: ☘️新疆频道, Name: 哈密一套, Total: 22, Valid: 22, Valid Percent: 100.00%, Whitelist: 0, IPv4: 22, IPv6: 0, Min Delay: 22 ms, Max Speed: 30.54 M/s, Avg Speed: 1.55 M/s, Max Resolution: 1920x1080
Category: ☘️新疆频道, Name: 哈密二套, Total: 22, Valid: 22, Valid Percent: 100.00%, Whitelist: 0, IPv4: 22, IPv6: 0, Min Delay: 23 ms, Max Speed: 30.64 M/s, Avg Speed: 1.56 M/s, Max Resolution: 1920x1080
Category: ☘️新疆频道, Name: 哈密三套, Total: 22, Valid: 22, Valid Percent: 100.00%, Whitelist: 0, IPv4: 22, IPv6: 0, Min Delay: 24 ms, Max Speed: 28.60 M/s, Avg Speed: 1.47 M/s, Max Resolution: 1920x1080
Category: ☘️新疆频道, Name: 伊犁汉语综合, Total: 4, Valid: 4, Valid Percent: 100.00%, Whitelist: 0, IPv4: 4, IPv6: 0, Min Delay: 6569 ms, Max Speed: 1.31 M/s, Avg Speed: 1.16 M/s, Max Resolution: None
Category: ☘️新疆频道, Name: 伊犁维吾尔, Total: 22, Valid: 22, Valid Percent: 100.00%, Whitelist: 0, IPv4: 22, IPv6: 0, Min Delay: 8200 ms, Max Speed: 0.88 M/s, Avg Speed: 0.54 M/s, Max Resolution: None
Category: ☘️新疆频道, Name: 伊犁哈萨克, Total: 22, Valid: 22, Valid Percent: 100.00%, Whitelist: 0, IPv4: 22, IPv6: 0, Min Delay: 4716 ms, Max Speed: 1.23 M/s, Avg Speed: 0.66 M/s, Max Resolution: None
Category: ☘️新疆频道, Name: 伊犁经济法制, Total: 3, Valid: 3, Valid Percent: 100.00%, Whitelist: 0, IPv4: 3, IPv6: 0, Min Delay: 10745 ms, Max Speed: 0.57 M/s, Avg Speed: 0.34 M/s, Max Resolution: None
Category: ☘️新疆频道, Name: 兵团五师双河新闻综合, Total: 23, Valid: 23, Valid Percent: 100.00%, Whitelist: 0, IPv4: 23, IPv6: 0, Min Delay: 1609 ms, Max Speed: 0.24 M/s, Avg Speed: 0.21 M/s, Max Resolution: 720x576
Category: ☘️新疆频道, Name: 兵团七师胡杨河新闻综合, Total: 20, Valid: 20, Valid Percent: 100.00%, Whitelist: 0, IPv4: 20, IPv6: 0, Min Delay: 1375 ms, Max Speed: 0.20 M/s, Avg Speed: 0.16 M/s, Max Resolution: 720x576
Category: ☘️新疆频道, Name: 奎屯哈萨克语, Total: 17, Valid: 17, Valid Percent: 100.00%, Whitelist: 0, IPv4: 17, IPv6: 0, Min Delay: 10104 ms, Max Speed: 0.10 M/s, Avg Speed: 0.04 M/s, Max Resolution: 1920x1080
Category: ☘️新疆频道, Name: 玛纳斯综合, Total: 2, Valid: 2, Valid Percent: 100.00%, Whitelist: 0, IPv4: 2, IPv6: 0, Min Delay: 7348 ms, Max Speed: 0.19 M/s, Avg Speed: 0.18 M/s, Max Resolution: 1920x1080
Category: ☘️新疆频道, Name: 新疆卫视, Total: 134, Valid: 21, Valid Percent: 15.67%, Whitelist: 0, IPv4: 0, IPv6: 134, Min Delay: 0.1 ms, Max Speed: 0.00 M/s, Avg Speed: 0.00 M/s, Max Resolution: 1920x1080
Category: ☘️新疆频道, Name: 奎屯汉语综合, Total: 5, Valid: 5, Valid Percent: 100.00%, Whitelist: 0, IPv4: 5, IPv6: 0, Min Delay: 4074 ms, Max Speed: 0.33 M/s, Avg Speed: 0.29 M/s, Max Resolution: 1920x1080
Category: ☘️新疆频道, Name: 巴音郭楞州, Total: 1, Valid: 0, Valid Percent: 0.00%, Whitelist: 0, IPv4: 1, IPv6: 0, Min Delay: -1 ms, Max Speed: 0.00 M/s, Avg Speed: 0.00 M/s, Max Resolution: 1920x1080
Category: ☘️新疆频道, Name: 石河子教育, Total: 1, Valid: 0, Valid Percent: 0.00%, Whitelist: 0, IPv4: 1, IPv6: 0, Min Delay: -1 ms, Max Speed: 0.00 M/s, Avg Speed: 0.00 M/s, Max Resolution: 1920x1080
Category: ☘️新疆频道, Name: 石河子新闻综合, Total: 1, Valid: 0, Valid Percent: 0.00%, Whitelist: 0, IPv4: 1, IPv6: 0, Min Delay: -1 ms, Max Speed: 0.00 M/s, Avg Speed: 0.00 M/s, Max Resolution: 1920x1080
Category: ☘️山东频道, Name: 山东少儿, Total: 16, Valid: 11, Valid Percent: 68.75%, Whitelist: 0, IPv4: 3, IPv6: 13, Min Delay: 0.1 ms, Max Speed: 0.51 M/s, Avg Speed: 0.06 M/s, Max Resolution: 1920x1080
Category: ☘️山东频道, Name: 山东新闻, Total: 15, Valid: 11, Valid Percent: 73.33%, Whitelist: 0, IPv4: 3, IPv6: 12, Min Delay: 0.1 ms, Max Speed: 19.37 M/s, Avg Speed: 3.46 M/s, Max Resolution: 1920x1080
Category: ☘️山东频道, Name: 山东教育, Total: 141, Valid: 5, Valid Percent: 3.55%, Whitelist: 0, IPv4: 5, IPv6: 136, Min Delay: 0.1 ms, Max Speed: 0.33 M/s, Avg Speed: 0.07 M/s, Max Resolution: 1920x1080
Category: ☘️山东频道, Name: 山东居家购物, Total: 1, Valid: 1, Valid Percent: 100.00%, Whitelist: 0, IPv4: 0, IPv6: 1, Min Delay: 0.1 ms, Max Speed: 0.00 M/s, Avg Speed: 0.00 M/s, Max Resolution: 1920x1080
Category: ☘️山东频道, Name: 山东农科, Total: 5, Valid: 3, Valid Percent: 60.00%, Whitelist: 0, IPv4: 2, IPv6: 3, Min Delay: 0.1 ms, Max Speed: 0.36 M/s, Avg Speed: 0.15 M/s, Max Resolution: 1920x1080
Category: ☘️山东频道, Name: 山东齐鲁, Total: 7, Valid: 3, Valid Percent: 42.86%, Whitelist: 0, IPv4: 2, IPv6: 5, Min Delay: 0.1 ms, Max Speed: 0.36 M/s, Avg Speed: 0.23 M/s, Max Resolution: 1920x1080
Category: ☘️山东频道, Name: 山东生活, Total: 6, Valid: 4, Valid Percent: 66.67%, Whitelist: 0, IPv4: 2, IPv6: 4, Min Delay: 0.1 ms, Max Speed: 0.36 M/s, Avg Speed: 0.17 M/s, Max Resolution: 1920x1080
Category: ☘️山东频道, Name: 山东体育, Total: 28, Valid: 10, Valid Percent: 35.71%, Whitelist: 0, IPv4: 0, IPv6: 28, Min Delay: 0.1 ms, Max Speed: 0.00 M/s, Avg Speed: 0.00 M/s, Max Resolution: 1920x1080
Category: ☘️山东频道, Name: 山东文旅, Total: 4, Valid: 2, Valid Percent: 50.00%, Whitelist: 0, IPv4: 2, IPv6: 2, Min Delay: 1810 ms, Max Speed: 0.37 M/s, Avg Speed: 0.23 M/s, Max Resolution: 960x540
Category: ☘️山东频道, Name: 山东综艺, Total: 5, Valid: 3, Valid Percent: 60.00%, Whitelist: 0, IPv4: 2, IPv6: 3, Min Delay: 0.1 ms, Max Speed: 0.33 M/s, Avg Speed: 0.21 M/s, Max Resolution: 1920x1080
Category: ☘️山东频道, Name: 济南综合, Total: 3, Valid: 3, Valid Percent: 100.00%, Whitelist: 0, IPv4: 0, IPv6: 3, Min Delay: 0.1 ms, Max Speed: 0.00 M/s, Avg Speed: 0.00 M/s, Max Resolution: 1920x1080
Category: ☘️山东频道, Name: 济南新闻综合, Total: 3, Valid: 1, Valid Percent: 33.33%, Whitelist: 0, IPv4: 0, IPv6: 3, Min Delay: 0.1 ms, Max Speed: 0.00 M/s, Avg Speed: 0.00 M/s, Max Resolution: 1920x1080
Category: ☘️山东频道, Name: 济南都市, Total: 2, Valid: 2, Valid Percent: 100.00%, Whitelist: 0, IPv4: 2, IPv6: 0, Min Delay: 2388 ms, Max Speed: 0.66 M/s, Avg Speed: 0.62 M/s, Max Resolution: 720x576
Category: ☘️山东频道, Name: 济南生活, Total: 2, Valid: 2, Valid Percent: 100.00%, Whitelist: 0, IPv4: 2, IPv6: 0, Min Delay: 2196 ms, Max Speed: 0.65 M/s, Avg Speed: 0.61 M/s, Max Resolution: 720x576
Category: ☘️山东频道, Name: 济南影视, Total: 1, Valid: 1, Valid Percent: 100.00%, Whitelist: 0, IPv4: 1, IPv6: 0, Min Delay: 2372 ms, Max Speed: 0.61 M/s, Avg Speed: 0.61 M/s, Max Resolution: 720x576
Category: ☘️山东频道, Name: 济南娱乐, Total: 2, Valid: 2, Valid Percent: 100.00%, Whitelist: 0, IPv4: 2, IPv6: 0, Min Delay: 2208 ms, Max Speed: 0.64 M/s, Avg Speed: 0.62 M/s, Max Resolution: 720x576
Category: ☘️山东频道, Name: 济南少儿, Total: 2, Valid: 2, Valid Percent: 100.00%, Whitelist: 0, IPv4: 2, IPv6: 0, Min Delay: 2213 ms, Max Speed: 0.66 M/s, Avg Speed: 0.65 M/s, Max Resolution: 720x576
Category: ☘️山东频道, Name: 济南教育, Total: 1, Valid: 1, Valid Percent: 100.00%, Whitelist: 0, IPv4: 0, IPv6: 1, Min Delay: 0.1 ms, Max Speed: 0.00 M/s, Avg Speed: 0.00 M/s, Max Resolution: 1920x1080
Category: ☘️山东频道, Name: 济南鲁中, Total: 2, Valid: 2, Valid Percent: 100.00%, Whitelist: 0, IPv4: 2, IPv6: 0, Min Delay: 2186 ms, Max Speed: 0.68 M/s, Avg Speed: 0.66 M/s, Max Resolution: 720x576
Category: ☘️山东频道, Name: 青州综合, Total: 4, Valid: 3, Valid Percent: 75.00%, Whitelist: 0, IPv4: 4, IPv6: 0, Min Delay: 40 ms, Max Speed: 24.19 M/s, Avg Speed: 23.13 M/s, Max Resolution: 1920x1080
Category: ☘️山东频道, Name: 济宁公共, Total: 1, Valid: 1, Valid Percent: 100.00%, Whitelist: 0, IPv4: 1, IPv6: 0, Min Delay: 2732 ms, Max Speed: 0.64 M/s, Avg Speed: 0.64 M/s, Max Resolution: 720x576
Category: ☘️山东频道, Name: 东营综合, Total: 1, Valid: 0, Valid Percent: 0.00%, Whitelist: 0, IPv4: 1, IPv6: 0, Min Delay: 5444 ms, Max Speed: 0.00 M/s, Avg Speed: 0.00 M/s, Max Resolution: None
Category: ☘️山东频道, Name: 中华美食, Total: 1, Valid: 0, Valid Percent: 0.00%, Whitelist: 0, IPv4: 0, IPv6: 1, Min Delay: -1 ms, Max Speed: 0.00 M/s, Avg Speed: 0.00 M/s, Max Resolution: None
Category: ☘️山东频道, Name: 临沂农科, Total: 1, Valid: 0, Valid Percent: 0.00%, Whitelist: 0, IPv4: 0, IPv6: 1, Min Delay: -1 ms, Max Speed: 0.00 M/s, Avg Speed: 0.00 M/s, Max Resolution: None
Category: ☘️山东频道, Name: 垦利新闻, Total: 1, Valid: 0, Valid Percent: 0.00%, Whitelist: 0, IPv4: 0, IPv6: 1, Min Delay: -1 ms, Max Speed: 0.00 M/s, Avg Speed: 0.00 M/s, Max Resolution: None
Category: ☘️山东频道, Name: 日照公共, Total: 3, Valid: 1, Valid Percent: 33.33%, Whitelist: 0, IPv4: 0, IPv6: 3, Min Delay: 0.1 ms, Max Speed: 0.00 M/s, Avg Speed: 0.00 M/s, Max Resolution: 1920x1080
Category: ☘️山东频道, Name: 日照新闻综合, Total: 2, Valid: 1, Valid Percent: 50.00%, Whitelist: 0, IPv4: 0, IPv6: 2, Min Delay: 0.1 ms, Max Speed: 0.00 M/s, Avg Speed: 0.00 M/s, Max Resolution: 1920x1080
Category: ☘️山东频道, Name: 日照科教, Total: 3, Valid: 1, Valid Percent: 33.33%, Whitelist: 0, IPv4: 0, IPv6: 3, Min Delay: 0.1 ms, Max Speed: 0.00 M/s, Avg Speed: 0.00 M/s, Max Resolution: 1920x1080
Category: ☘️山东频道, Name: 枣庄新闻综合, Total: 1, Valid: 1, Valid Percent: 100.00%, Whitelist: 0, IPv4: 1, IPv6: 0, Min Delay: 2647 ms, Max Speed: 0.63 M/s, Avg Speed: 0.63 M/s, Max Resolution: 720x576
Category: ☘️山东频道, Name: 滨州新闻综合, Total: 22, Valid: 22, Valid Percent: 100.00%, Whitelist: 0, IPv4: 22, IPv6: 0, Min Delay: 2228 ms, Max Speed: 0.68 M/s, Avg Speed: 0.11 M/s, Max Resolution: 1920x1080
Category: ☘️山东频道, Name: 潍坊新闻综合, Total: 6, Valid: 6, Valid Percent: 100.00%, Whitelist: 0, IPv4: 4, IPv6: 2, Min Delay: 0.1 ms, Max Speed: 30.91 M/s, Avg Speed: 19.42 M/s, Max Resolution: 1920x1080
Category: ☘️山东频道, Name: 菏泽新闻综合, Total: 1, Valid: 1, Valid Percent: 100.00%, Whitelist: 0, IPv4: 1, IPv6: 0, Min Delay: 3192 ms, Max Speed: 0.61 M/s, Avg Speed: 0.61 M/s, Max Resolution: 1280x720
Category: ☘️山东频道, Name: 菏泽经济生活, Total: 4, Valid: 4, Valid Percent: 100.00%, Whitelist: 0, IPv4: 4, IPv6: 0, Min Delay: 3071 ms, Max Speed: 1.64 M/s, Avg Speed: 1.02 M/s, Max Resolution: 1280x720
Category: ☘️山西频道, Name: 万荣综合, Total: 1, Valid: 1, Valid Percent: 100.00%, Whitelist: 0, IPv4: 1, IPv6: 0, Min Delay: 5766 ms, Max Speed: 0.26 M/s, Avg Speed: 0.26 M/s, Max Resolution: 720x404
Category: ☘️山西频道, Name: 五台综合, Total: 5, Valid: 1, Valid Percent: 20.00%, Whitelist: 0, IPv4: 0, IPv6: 5, Min Delay: 0.1 ms, Max Speed: 0.00 M/s, Avg Speed: 0.00 M/s, Max Resolution: 1920x1080
Category: ☘️山西频道, Name: 原平综合, Total: 4, Valid: 1, Valid Percent: 25.00%, Whitelist: 0, IPv4: 1, IPv6: 3, Min Delay: 9131 ms, Max Speed: 0.12 M/s, Avg Speed: 0.12 M/s, Max Resolution: None
Category: ☘️山西频道, Name: 古县综合, Total: 4, Valid: 1, Valid Percent: 25.00%, Whitelist: 0, IPv4: 0, IPv6: 4, Min Delay: 0.1 ms, Max Speed: 0.00 M/s, Avg Speed: 0.00 M/s, Max Resolution: 1920x1080
Category: ☘️山西频道, Name: 大宁综合, Total: 1, Valid: 1, Valid Percent: 100.00%, Whitelist: 0, IPv4: 1, IPv6: 0, Min Delay: 1194 ms, Max Speed: 0.06 M/s, Avg Speed: 0.06 M/s, Max Resolution: None
Category: ☘️山西频道, Name: 太谷新闻综合, Total: 13, Valid: 5, Valid Percent: 38.46%, Whitelist: 0, IPv4: 5, IPv6: 8, Min Delay: 286 ms, Max Speed: 3.01 M/s, Avg Speed: 2.11 M/s, Max Resolution: 1920x1080
Category: ☘️山西频道, Name: 宁武综合, Total: 3, Valid: 0, Valid Percent: 0.00%, Whitelist: 0, IPv4: 0, IPv6: 3, Min Delay: -1 ms, Max Speed: 0.00 M/s, Avg Speed: 0.00 M/s, Max Resolution: None
Category: ☘️山西频道, Name: 定襄综合, Total: 4, Valid: 1, Valid Percent: 25.00%, Whitelist: 0, IPv4: 0, IPv6: 4, Min Delay: 0.1 ms, Max Speed: 0.00 M/s, Avg Speed: 0.00 M/s, Max Resolution: 1920x1080
Category: ☘️山西频道, Name: 山西影视, Total: 3, Valid: 3, Valid Percent: 100.00%, Whitelist: 0, IPv4: 1, IPv6: 2, Min Delay: 0.1 ms, Max Speed: 0.41 M/s, Avg Speed: 0.14 M/s, Max Resolution: 1920x1080
Category: ☘️山西频道, Name: 山西文体生活, Total: 4, Valid: 4, Valid Percent: 100.00%, Whitelist: 0, IPv4: 1, IPv6: 3, Min Delay: 0.1 ms, Max Speed: 0.45 M/s, Avg Speed: 0.11 M/s, Max Resolution: 1920x1080
Category: ☘️山西频道, Name: 山西社会与法治, Total: 4, Valid: 4, Valid Percent: 100.00%, Whitelist: 0, IPv4: 1, IPv6: 3, Min Delay: 0.1 ms, Max Speed: 0.44 M/s, Avg Speed: 0.11 M/s, Max Resolution: 1920x1080
Category: ☘️山西频道, Name: 山西经济, Total: 3, Valid: 3, Valid Percent: 100.00%, Whitelist: 0, IPv4: 1, IPv6: 2, Min Delay: 0.1 ms, Max Speed: 0.42 M/s, Avg Speed: 0.14 M/s, Max Resolution: 1920x1080
Category: ☘️山西频道, Name: 平遥新闻综合, Total: 4, Valid: 1, Valid Percent: 25.00%, Whitelist: 0, IPv4: 0, IPv6: 4, Min Delay: 0.1 ms, Max Speed: 0.00 M/s, Avg Speed: 0.00 M/s, Max Resolution: 1920x1080
Category: ☘️山西频道, Name: 怀仁综合, Total: 3, Valid: 2, Valid Percent: 66.67%, Whitelist: 0, IPv4: 0, IPv6: 3, Min Delay: 0.1 ms, Max Speed: 0.00 M/s, Avg Speed: 0.00 M/s, Max Resolution: 1920x1080
Category: ☘️山西频道, Name: 昔阳电视台, Total: 1, Valid: 0, Valid Percent: 0.00%, Whitelist: 0, IPv4: 0, IPv6: 1, Min Delay: -1 ms, Max Speed: 0.00 M/s, Avg Speed: 0.00 M/s, Max Resolution: None
Category: ☘️山西频道, Name: 武乡新闻综合, Total: 11, Valid: 5, Valid Percent: 45.45%, Whitelist: 0, IPv4: 0, IPv6: 11, Min Delay: 0.1 ms, Max Speed: 0.00 M/s, Avg Speed: 0.00 M/s, Max Resolution: 1920x1080
Category: ☘️山西频道, Name: 汾西综合, Total: 4, Valid: 1, Valid Percent: 25.00%, Whitelist: 0, IPv4: 0, IPv6: 4, Min Delay: 0.1 ms, Max Speed: 0.00 M/s, Avg Speed: 0.00 M/s, Max Resolution: 1920x1080
Category: ☘️山西频道, Name: 祁县新闻综合, Total: 2, Valid: 1, Valid Percent: 50.00%, Whitelist: 0, IPv4: 0, IPv6: 2, Min Delay: 0.1 ms, Max Speed: 0.00 M/s, Avg Speed: 0.00 M/s, Max Resolution: 1920x1080
Category: ☘️山西频道, Name: 襄汾综合, Total: 4, Valid: 0, Valid Percent: 0.00%, Whitelist: 0, IPv4: 0, IPv6: 4, Min Delay: -1 ms, Max Speed: 0.00 M/s, Avg Speed: 0.00 M/s, Max Resolution: None
Category: ☘️山西频道, Name: 运城新闻综合, Total: 1, Valid: 1, Valid Percent: 100.00%, Whitelist: 0, IPv4: 1, IPv6: 0, Min Delay: 4347 ms, Max Speed: 0.16 M/s, Avg Speed: 0.16 M/s, Max Resolution: 1280x720
Category: ☘️山西频道, Name: 运城科技教育, Total: 2, Valid: 2, Valid Percent: 100.00%, Whitelist: 0, IPv4: 0, IPv6: 2, Min Delay: 0.1 ms, Max Speed: 0.00 M/s, Avg Speed: 0.00 M/s, Max Resolution: 1920x1080
Category: ☘️山西频道, Name: 长子综合, Total: 2, Valid: 1, Valid Percent: 50.00%, Whitelist: 0, IPv4: 1, IPv6: 1, Min Delay: 10703 ms, Max Speed: 0.61 M/s, Avg Speed: 0.61 M/s, Max Resolution: 720x576
Category: ☘️山西频道, Name: 长治新闻综合, Total: 21, Valid: 1, Valid Percent: 4.76%, Whitelist: 0, IPv4: 21, IPv6: 0, Min Delay: 2019 ms, Max Speed: 0.22 M/s, Avg Speed: 0.22 M/s, Max Resolution: 1280x720
Category: ☘️山西频道, Name: 阳曲综合, Total: 4, Valid: 2, Valid Percent: 50.00%, Whitelist: 0, IPv4: 1, IPv6: 3, Min Delay: 0.1 ms, Max Speed: 0.21 M/s, Avg Speed: 0.11 M/s, Max Resolution: 1920x1080
Category: ☘️山西频道, Name: 黎城综合, Total: 1, Valid: 1, Valid Percent: 100.00%, Whitelist: 0, IPv4: 1, IPv6: 0, Min Delay: 2754 ms, Max Speed: 0.96 M/s, Avg Speed: 0.96 M/s, Max Resolution: 1920x1080
Category: ☘️安徽频道, Name: 安徽国际, Total: 3, Valid: 0, Valid Percent: 0.00%, Whitelist: 0, IPv4: 1, IPv6: 2, Min Delay: 10021 ms, Max Speed: 0.00 M/s, Avg Speed: 0.00 M/s, Max Resolution: None
Category: ☘️安徽频道, Name: 安徽影视, Total: 6, Valid: 1, Valid Percent: 16.67%, Whitelist: 0, IPv4: 1, IPv6: 5, Min Delay: 10245 ms, Max Speed: 0.00 M/s, Avg Speed: 0.00 M/s, Max Resolution: None
Category: ☘️安徽频道, Name: 安徽经济生活, Total: 13, Valid: 6, Valid Percent: 46.15%, Whitelist: 0, IPv4: 2, IPv6: 11, Min Delay: 0.1 ms, Max Speed: 0.05 M/s, Avg Speed: 0.01 M/s, Max Resolution: 1920x1080
Category: ☘️安徽频道, Name: 安徽综艺体育, Total: 10, Valid: 5, Valid Percent: 50.00%, Whitelist: 0, IPv4: 1, IPv6: 9, Min Delay: 0.1 ms, Max Speed: 0.00 M/s, Avg Speed: 0.00 M/s, Max Resolution: 1920x1080
Category: ☘️安徽频道, Name: 安徽导视, Total: 3, Valid: 2, Valid Percent: 66.67%, Whitelist: 0, IPv4: 2, IPv6: 1, Min Delay: 2751 ms, Max Speed: 0.92 M/s, Avg Speed: 0.87 M/s, Max Resolution: 1920x1080
Category: ☘️安徽频道, Name: 合肥新闻, Total: 1, Valid: 1, Valid Percent: 100.00%, Whitelist: 0, IPv4: 1, IPv6: 0, Min Delay: 10737 ms, Max Speed: 0.07 M/s, Avg Speed: 0.07 M/s, Max Resolution: 720x576
Category: ☘️安徽频道, Name: 固镇新闻, Total: 2, Valid: 2, Valid Percent: 100.00%, Whitelist: 0, IPv4: 2, IPv6: 0, Min Delay: 5426 ms, Max Speed: 0.23 M/s, Avg Speed: 0.22 M/s, Max Resolution: 1920x1080
Category: ☘️安徽频道, Name: 歙县综合, Total: 1, Valid: 1, Valid Percent: 100.00%, Whitelist: 0, IPv4: 1, IPv6: 0, Min Delay: 3019 ms, Max Speed: 0.59 M/s, Avg Speed: 0.59 M/s, Max Resolution: 1920x1080
Category: ☘️安徽频道, Name: 黄山新闻综合, Total: 5, Valid: 1, Valid Percent: 20.00%, Whitelist: 0, IPv4: 1, IPv6: 4, Min Delay: 0.1 ms, Max Speed: 0.00 M/s, Avg Speed: 0.00 M/s, Max Resolution: 1920x1080
Category: ☘️安徽频道, Name: 黄山公共生活, Total: 2, Valid: 1, Valid Percent: 50.00%, Whitelist: 0, IPv4: 0, IPv6: 2, Min Delay: 0.1 ms, Max Speed: 0.00 M/s, Avg Speed: 0.00 M/s, Max Resolution: 1920x1080
Category: ☘️安徽频道, Name: 霍邱新闻综合, Total: 1, Valid: 0, Valid Percent: 0.00%, Whitelist: 0, IPv4: 1, IPv6: 0, Min Delay: 492 ms, Max Speed: 0.00 M/s, Avg Speed: 0.00 M/s, Max Resolution: None
Category: ☘️安徽频道, Name: 阜南新闻综合, Total: 21, Valid: 20, Valid Percent: 95.24%, Whitelist: 0, IPv4: 21, IPv6: 0, Min Delay: 1229 ms, Max Speed: 0.43 M/s, Avg Speed: 0.37 M/s, Max Resolution: 1920x1080
Category: ☘️安徽频道, Name: 铜陵新闻综合, Total: 2, Valid: 1, Valid Percent: 50.00%, Whitelist: 0, IPv4: 1, IPv6: 1, Min Delay: 0.1 ms, Max Speed: 0.00 M/s, Avg Speed: 0.00 M/s, Max Resolution: 1920x1080
Category: ☘️安徽频道, Name: 芜湖新闻综合, Total: 1, Valid: 0, Valid Percent: 0.00%, Whitelist: 0, IPv4: 1, IPv6: 0, Min Delay: 483 ms, Max Speed: 0.00 M/s, Avg Speed: 0.00 M/s, Max Resolution: None
Category: ☘️安徽频道, Name: 肥东经济生活, Total: 1, Valid: 0, Valid Percent: 0.00%, Whitelist: 0, IPv4: 1, IPv6: 0, Min Delay: 488 ms, Max Speed: 0.00 M/s, Avg Speed: 0.00 M/s, Max Resolution: None
Category: ☘️安徽频道, Name: 繁昌新闻综合, Total: 1, Valid: 0, Valid Percent: 0.00%, Whitelist: 0, IPv4: 1, IPv6: 0, Min Delay: 473 ms, Max Speed: 0.00 M/s, Avg Speed: 0.00 M/s, Max Resolution: None
Category: ☘️安徽频道, Name: 祁门综合, Total: 4, Valid: 1, Valid Percent: 25.00%, Whitelist: 0, IPv4: 3, IPv6: 1, Min Delay: 0.1 ms, Max Speed: 0.00 M/s, Avg Speed: 0.00 M/s, Max Resolution: 1920x1080
Category: ☘️安徽频道, Name: 灵璧综合, Total: 3, Valid: 3, Valid Percent: 100.00%, Whitelist: 0, IPv4: 3, IPv6: 0, Min Delay: 3692 ms, Max Speed: 0.17 M/s, Avg Speed: 0.16 M/s, Max Resolution: 640x480
Category: ☘️安徽频道, Name: 滁州科教, Total: 3, Valid: 2, Valid Percent: 66.67%, Whitelist: 0, IPv4: 0, IPv6: 3, Min Delay: 0.1 ms, Max Speed: 0.00 M/s, Avg Speed: 0.00 M/s, Max Resolution: 1920x1080
Category: ☘️安徽频道, Name: 滁州新闻综合, Total: 3, Valid: 1, Valid Percent: 33.33%, Whitelist: 0, IPv4: 1, IPv6: 2, Min Delay: 0.1 ms, Max Speed: 0.00 M/s, Avg Speed: 0.00 M/s, Max Resolution: 1920x1080
Category: ☘️安徽频道, Name: 滁州市广播电视台 新闻综合, Total: 1, Valid: 1, Valid Percent: 100.00%, Whitelist: 0, IPv4: 0, IPv6: 1, Min Delay: 0.1 ms, Max Speed: 0.00 M/s, Avg Speed: 0.00 M/s, Max Resolution: 1920x1080
Category: ☘️安徽频道, Name: 滁州市广播电视台 公共, Total: 1, Valid: 0, Valid Percent: 0.00%, Whitelist: 0, IPv4: 0, IPv6: 1, Min Delay: -1 ms, Max Speed: 0.00 M/s, Avg Speed: 0.00 M/s, Max Resolution: None
Category: ☘️安徽频道, Name: 滁州公共, Total: 2, Valid: 1, Valid Percent: 50.00%, Whitelist: 0, IPv4: 0, IPv6: 2, Min Delay: 0.1 ms, Max Speed: 0.00 M/s, Avg Speed: 0.00 M/s, Max Resolution: 1920x1080
Category: ☘️安徽频道, Name: 淮南新闻综合, Total: 5, Valid: 4, Valid Percent: 80.00%, Whitelist: 0, IPv4: 5, IPv6: 0, Min Delay: 508 ms, Max Speed: 0.17 M/s, Avg Speed: 0.16 M/s, Max Resolution: 1920x1080
Category: ☘️安徽频道, Name: 涡阳新闻综合, Total: 23, Valid: 22, Valid Percent: 95.65%, Whitelist: 0, IPv4: 23, IPv6: 0, Min Delay: 463 ms, Max Speed: 0.53 M/s, Avg Speed: 0.39 M/s, Max Resolution: 720x576
Category: ☘️安徽频道, Name: 池州新闻综合, Total: 2, Valid: 0, Valid Percent: 0.00%, Whitelist: 0, IPv4: 1, IPv6: 1, Min Delay: 470 ms, Max Speed: 0.00 M/s, Avg Speed: 0.00 M/s, Max Resolution: None
Category: ☘️安徽频道, Name: 广德生活, Total: 1, Valid: 1, Valid Percent: 100.00%, Whitelist: 0, IPv4: 1, IPv6: 0, Min Delay: 2651 ms, Max Speed: 0.71 M/s, Avg Speed: 0.71 M/s, Max Resolution: 1920x1080
Category: ☘️安徽频道, Name: 广德新闻综合, Total: 3, Valid: 2, Valid Percent: 66.67%, Whitelist: 0, IPv4: 3, IPv6: 0, Min Delay: 491 ms, Max Speed: 0.70 M/s, Avg Speed: 0.68 M/s, Max Resolution: 1920x1080
Category: ☘️安徽频道, Name: 宿松新闻综合, Total: 1, Valid: 0, Valid Percent: 0.00%, Whitelist: 0, IPv4: 0, IPv6: 1, Min Delay: -1 ms, Max Speed: 0.00 M/s, Avg Speed: 0.00 M/s, Max Resolution: None
Category: ☘️安徽频道, Name: 宿州科教, Total: 2, Valid: 1, Valid Percent: 50.00%, Whitelist: 0, IPv4: 0, IPv6: 2, Min Delay: 0.1 ms, Max Speed: 0.00 M/s, Avg Speed: 0.00 M/s, Max Resolution: 1920x1080
Category: ☘️安徽频道, Name: 宿州新闻综合, Total: 20, Valid: 0, Valid Percent: 0.00%, Whitelist: 0, IPv4: 1, IPv6: 19, Min Delay: 1109 ms, Max Speed: 0.00 M/s, Avg Speed: 0.00 M/s, Max Resolution: None
Category: ☘️安徽频道, Name: 宿州公共, Total: 1, Valid: 1, Valid Percent: 100.00%, Whitelist: 0, IPv4: 0, IPv6: 1, Min Delay: 0.1 ms, Max Speed: 0.00 M/s, Avg Speed: 0.00 M/s, Max Resolution: 1920x1080
Category: ☘️安徽频道, Name: 定远新闻综合, Total: 1, Valid: 0, Valid Percent: 0.00%, Whitelist: 0, IPv4: 1, IPv6: 0, Min Delay: 480 ms, Max Speed: 0.00 M/s, Avg Speed: 0.00 M/s, Max Resolution: None
Category: ☘️安徽频道, Name: 南陵新闻综合, Total: 1, Valid: 0, Valid Percent: 0.00%, Whitelist: 0, IPv4: 1, IPv6: 0, Min Delay: 1967 ms, Max Speed: 0.00 M/s, Avg Speed: 0.00 M/s, Max Resolution: None
Category: ☘️安徽频道, Name: 六安新闻综合, Total: 1, Valid: 1, Valid Percent: 100.00%, Whitelist: 0, IPv4: 0, IPv6: 1, Min Delay: 0.1 ms, Max Speed: 0.00 M/s, Avg Speed: 0.00 M/s, Max Resolution: 1920x1080
Category: ☘️安徽频道, Name: 六安公共, Total: 1, Valid: 1, Valid Percent: 100.00%, Whitelist: 0, IPv4: 0, IPv6: 1, Min Delay: 0.1 ms, Max Speed: 0.00 M/s, Avg Speed: 0.00 M/s, Max Resolution: 1920x1080
Category: ☘️安徽频道, Name: 休宁新闻综合, Total: 1, Valid: 0, Valid Percent: 0.00%, Whitelist: 0, IPv4: 1, IPv6: 0, Min Delay: 529 ms, Max Speed: 0.00 M/s, Avg Speed: 0.00 M/s, Max Resolution: None
Category: ☘️安徽频道, Name: 亳州新闻, Total: 1, Valid: 0, Valid Percent: 0.00%, Whitelist: 0, IPv4: 0, IPv6: 1, Min Delay: -1 ms, Max Speed: 0.00 M/s, Avg Speed: 0.00 M/s, Max Resolution: None
Category: ☘️安徽频道, Name: 亳州农村, Total: 3, Valid: 2, Valid Percent: 66.67%, Whitelist: 0, IPv4: 2, IPv6: 1, Min Delay: 20 ms, Max Speed: 32.72 M/s, Avg Speed: 29.93 M/s, Max Resolution: 1920x1080
Category: ☘️宁夏频道, Name: 宁夏经济, Total: 9, Valid: 1, Valid Percent: 11.11%, Whitelist: 0, IPv4: 0, IPv6: 9, Min Delay: 0.1 ms, Max Speed: 0.00 M/s, Avg Speed: 0.00 M/s, Max Resolution: 1920x1080
Category: ☘️宁夏频道, Name: 银川生活, Total: 3, Valid: 1, Valid Percent: 33.33%, Whitelist: 0, IPv4: 0, IPv6: 3, Min Delay: 0.1 ms, Max Speed: 0.00 M/s, Avg Speed: 0.00 M/s, Max Resolution: 1920x1080
Category: ☘️宁夏频道, Name: 银川公共, Total: 3, Valid: 1, Valid Percent: 33.33%, Whitelist: 0, IPv4: 0, IPv6: 3, Min Delay: 0.1 ms, Max Speed: 0.00 M/s, Avg Speed: 0.00 M/s, Max Resolution: 1920x1080
Category: ☘️宁夏频道, Name: 银川文体, Total: 3, Valid: 1, Valid Percent: 33.33%, Whitelist: 0, IPv4: 0, IPv6: 3, Min Delay: 0.1 ms, Max Speed: 0.00 M/s, Avg Speed: 0.00 M/s, Max Resolution: 1920x1080
Category: ☘️吉林频道, Name: 延边卫视, Total: 72, Valid: 34, Valid Percent: 47.22%, Whitelist: 0, IPv4: 39, IPv6: 33, Min Delay: 0.1 ms, Max Speed: 4.50 M/s, Avg Speed: 0.32 M/s, Max Resolution: 1920x1080
Category: ☘️吉林频道, Name: 吉林都市, Total: 10, Valid: 6, Valid Percent: 60.00%, Whitelist: 0, IPv4: 4, IPv6: 6, Min Delay: 0.1 ms, Max Speed: 4.41 M/s, Avg Speed: 1.84 M/s, Max Resolution: 1920x1080
Category: ☘️吉林频道, Name: 吉林生活, Total: 10, Valid: 6, Valid Percent: 60.00%, Whitelist: 0, IPv4: 4, IPv6: 6, Min Delay: 0.1 ms, Max Speed: 5.25 M/s, Avg Speed: 1.86 M/s, Max Resolution: 1920x1080
Category: ☘️吉林频道, Name: 吉林乡村, Total: 4, Valid: 4, Valid Percent: 100.00%, Whitelist: 0, IPv4: 1, IPv6: 3, Min Delay: 0.1 ms, Max Speed: 0.55 M/s, Avg Speed: 0.14 M/s, Max Resolution: 1920x1080
Category: ☘️吉林频道, Name: 延边-2, Total: 2, Valid: 2, Valid Percent: 100.00%, Whitelist: 0, IPv4: 2, IPv6: 0, Min Delay: 822 ms, Max Speed: 0.31 M/s, Avg Speed: 0.20 M/s, Max Resolution: 320x240
Category: ☘️吉林频道, Name: 延边朝鲜语综合, Total: 1, Valid: 1, Valid Percent: 100.00%, Whitelist: 0, IPv4: 1, IPv6: 0, Min Delay: 1811 ms, Max Speed: 4.16 M/s, Avg Speed: 4.16 M/s, Max Resolution: 1280x720
Category: ☘️吉林频道, Name: 延边汉语综合, Total: 1, Valid: 1, Valid Percent: 100.00%, Whitelist: 0, IPv4: 1, IPv6: 0, Min Delay: 273 ms, Max Speed: 10.30 M/s, Avg Speed: 10.30 M/s, Max Resolution: 1280x720
Category: ☘️吉林频道, Name: 长白山电视台, Total: 22, Valid: 22, Valid Percent: 100.00%, Whitelist: 0, IPv4: 22, IPv6: 0, Min Delay: 826 ms, Max Speed: 0.10 M/s, Avg Speed: 0.09 M/s, Max Resolution: 320x240
Category: ☘️吉林频道, Name: 德惠综合, Total: 24, Valid: 24, Valid Percent: 100.00%, Whitelist: 0, IPv4: 24, IPv6: 0, Min Delay: 1375 ms, Max Speed: 0.26 M/s, Avg Speed: 0.24 M/s, Max Resolution: 720x576
Category: ☘️吉林频道, Name: 九台综合, Total: 23, Valid: 23, Valid Percent: 100.00%, Whitelist: 0, IPv4: 23, IPv6: 0, Min Delay: 1398 ms, Max Speed: 0.30 M/s, Avg Speed: 0.29 M/s, Max Resolution: 720x576
Category: ☘️吉林频道, Name: 长白新闻综合, Total: 20, Valid: 0, Valid Percent: 0.00%, Whitelist: 0, IPv4: 0, IPv6: 20, Min Delay: -1 ms, Max Speed: 0.00 M/s, Avg Speed: 0.00 M/s, Max Resolution: None
Category: ☘️吉林频道, Name: 长白朝语, Total: 1, Valid: 1, Valid Percent: 100.00%, Whitelist: 0, IPv4: 0, IPv6: 1, Min Delay: 0.1 ms, Max Speed: 0.00 M/s, Avg Speed: 0.00 M/s, Max Resolution: 1920x1080
Category: ☘️吉林频道, Name: 靖宇综合, Total: 1, Valid: 1, Valid Percent: 100.00%, Whitelist: 0, IPv4: 1, IPv6: 0, Min Delay: 843 ms, Max Speed: 0.05 M/s, Avg Speed: 0.05 M/s, Max Resolution: None
Category: ☘️吉林频道, Name: 敦化一套, Total: 22, Valid: 22, Valid Percent: 100.00%, Whitelist: 0, IPv4: 22, IPv6: 0, Min Delay: 866 ms, Max Speed: 0.13 M/s, Avg Speed: 0.12 M/s, Max Resolution: 720x576
Category: ☘️吉林频道, Name: 珲春新闻综合, Total: 1, Valid: 1, Valid Percent: 100.00%, Whitelist: 0, IPv4: 0, IPv6: 1, Min Delay: 0.1 ms, Max Speed: 0.00 M/s, Avg Speed: 0.00 M/s, Max Resolution: 1920x1080
Category: ☘️吉林频道, Name: 龙井综合, Total: 1, Valid: 1, Valid Percent: 100.00%, Whitelist: 0, IPv4: 1, IPv6: 0, Min Delay: 628 ms, Max Speed: 0.06 M/s, Avg Speed: 0.06 M/s, Max Resolution: None
Category: ☘️吉林频道, Name: 梅河口综合, Total: 2, Valid: 2, Valid Percent: 100.00%, Whitelist: 0, IPv4: 2, IPv6: 0, Min Delay: 836 ms, Max Speed: 0.23 M/s, Avg Speed: 0.14 M/s, Max Resolution: 720x576
Category: ☘️吉林频道, Name: 桦甸综合, Total: 1, Valid: 1, Valid Percent: 100.00%, Whitelist: 0, IPv4: 1, IPv6: 0, Min Delay: 1317 ms, Max Speed: 0.04 M/s, Avg Speed: 0.04 M/s, Max Resolution: None
Category: ☘️吉林频道, Name: 磐石综合, Total: 1, Valid: 1, Valid Percent: 100.00%, Whitelist: 0, IPv4: 1, IPv6: 0, Min Delay: 583 ms, Max Speed: 0.06 M/s, Avg Speed: 0.06 M/s, Max Resolution: None
Category: ☘️吉林频道, Name: 舒兰新闻综合, Total: 4, Valid: 0, Valid Percent: 0.00%, Whitelist: 0, IPv4: 0, IPv6: 4, Min Delay: -1 ms, Max Speed: 0.00 M/s, Avg Speed: 0.00 M/s, Max Resolution: None
Category: ☘️吉林频道, Name: 东丰综合, Total: 1, Valid: 1, Valid Percent: 100.00%, Whitelist: 0, IPv4: 1, IPv6: 0, Min Delay: 1280 ms, Max Speed: 0.05 M/s, Avg Speed: 0.05 M/s, Max Resolution: None
Category: ☘️吉林频道, Name: 双辽综合, Total: 1, Valid: 1, Valid Percent: 100.00%, Whitelist: 0, IPv4: 1, IPv6: 0, Min Delay: 611 ms, Max Speed: 0.06 M/s, Avg Speed: 0.06 M/s, Max Resolution: None
Category: ☘️吉林频道, Name: 辉南新闻综合, Total: 6, Valid: 0, Valid Percent: 0.00%, Whitelist: 0, IPv4: 0, IPv6: 6, Min Delay: -1 ms, Max Speed: 0.00 M/s, Avg Speed: 0.00 M/s, Max Resolution: None
Category: ☘️吉林频道, Name: 柳河综合, Total: 1, Valid: 1, Valid Percent: 100.00%, Whitelist: 0, IPv4: 1, IPv6: 0, Min Delay: 627 ms, Max Speed: 0.06 M/s, Avg Speed: 0.06 M/s, Max Resolution: None
Category: ☘️吉林频道, Name: 通化县综合, Total: 1, Valid: 1, Valid Percent: 100.00%, Whitelist: 0, IPv4: 1, IPv6: 0, Min Delay: 638 ms, Max Speed: 0.04 M/s, Avg Speed: 0.04 M/s, Max Resolution: None
Category: ☘️吉林频道, Name: 汪清综合, Total: 23, Valid: 23, Valid Percent: 100.00%, Whitelist: 0, IPv4: 23, IPv6: 0, Min Delay: 795 ms, Max Speed: 0.10 M/s, Avg Speed: 0.09 M/s, Max Resolution: 720x576
Category: ☘️内蒙古频道, Name: 内蒙经济, Total: 4, Valid: 2, Valid Percent: 50.00%, Whitelist: 0, IPv4: 1, IPv6: 3, Min Delay: 0.1 ms, Max Speed: 0.48 M/s, Avg Speed: 0.24 M/s, Max Resolution: 1920x1080
Category: ☘️内蒙古频道, Name: 内蒙少儿, Total: 2, Valid: 1, Valid Percent: 50.00%, Whitelist: 0, IPv4: 1, IPv6: 1, Min Delay: 2688 ms, Max Speed: 0.45 M/s, Avg Speed: 0.45 M/s, Max Resolution: 1920x1080
Category: ☘️内蒙古频道, Name: 内蒙文体, Total: 3, Valid: 1, Valid Percent: 33.33%, Whitelist: 0, IPv4: 1, IPv6: 2, Min Delay: 2185 ms, Max Speed: 0.51 M/s, Avg Speed: 0.51 M/s, Max Resolution: 1920x1080
Category: ☘️内蒙古频道, Name: 内蒙农牧, Total: 3, Valid: 1, Valid Percent: 33.33%, Whitelist: 0, IPv4: 1, IPv6: 2, Min Delay: 2049 ms, Max Speed: 0.43 M/s, Avg Speed: 0.43 M/s, Max Resolution: None
Category: ☘️内蒙古频道, Name: 蒙语文化, Total: 2, Valid: 0, Valid Percent: 0.00%, Whitelist: 0, IPv4: 0, IPv6: 2, Min Delay: -1 ms, Max Speed: 0.00 M/s, Avg Speed: 0.00 M/s, Max Resolution: None
Category: ☘️内蒙古频道, Name: 内蒙古经济生活, Total: 2, Valid: 1, Valid Percent: 50.00%, Whitelist: 0, IPv4: 1, IPv6: 1, Min Delay: 0.1 ms, Max Speed: 0.00 M/s, Avg Speed: 0.00 M/s, Max Resolution: 1920x1080
Category: ☘️云南频道, Name: 丘北电视台, Total: 5, Valid: 5, Valid Percent: 100.00%, Whitelist: 0, IPv4: 5, IPv6: 0, Min Delay: 1545 ms, Max Speed: 0.21 M/s, Avg Speed: 0.18 M/s, Max Resolution: 1920x1080
Category: ☘️云南频道, Name: 广南电视台, Total: 8, Valid: 8, Valid Percent: 100.00%, Whitelist: 0, IPv4: 8, IPv6: 0, Min Delay: 2079 ms, Max Speed: 0.35 M/s, Avg Speed: 0.30 M/s, Max Resolution: 1920x1080
Category: ☘️云南频道, Name: 文山州公共, Total: 2, Valid: 1, Valid Percent: 50.00%, Whitelist: 0, IPv4: 0, IPv6: 2, Min Delay: 0.1 ms, Max Speed: 0.00 M/s, Avg Speed: 0.00 M/s, Max Resolution: 1920x1080
Category: ☘️云南频道, Name: 文山州新闻综合, Total: 2, Valid: 1, Valid Percent: 50.00%, Whitelist: 0, IPv4: 0, IPv6: 2, Min Delay: 0.1 ms, Max Speed: 0.00 M/s, Avg Speed: 0.00 M/s, Max Resolution: 1920x1080
Category: ☘️云南频道, Name: 昆明公共, Total: 1, Valid: 1, Valid Percent: 100.00%, Whitelist: 0, IPv4: 0, IPv6: 1, Min Delay: 0.1 ms, Max Speed: 0.00 M/s, Avg Speed: 0.00 M/s, Max Resolution: 1920x1080
Category: ☘️云南频道, Name: 昆明新闻综合, Total: 2, Valid: 0, Valid Percent: 0.00%, Whitelist: 0, IPv4: 0, IPv6: 2, Min Delay: -1 ms, Max Speed: 0.00 M/s, Avg Speed: 0.00 M/s, Max Resolution: None
Category: ☘️云南频道, Name: 昆明科学教育, Total: 2, Valid: 1, Valid Percent: 50.00%, Whitelist: 0, IPv4: 0, IPv6: 2, Min Delay: 0.1 ms, Max Speed: 0.00 M/s, Avg Speed: 0.00 M/s, Max Resolution: 1920x1080
Category: ☘️云南频道, Name: 昆明经济生活, Total: 2, Valid: 0, Valid Percent: 0.00%, Whitelist: 0, IPv4: 0, IPv6: 2, Min Delay: -1 ms, Max Speed: 0.00 M/s, Avg Speed: 0.00 M/s, Max Resolution: None
Category: ☘️云南频道, Name: 易门综合, Total: 3, Valid: 3, Valid Percent: 100.00%, Whitelist: 0, IPv4: 3, IPv6: 0, Min Delay: 2219 ms, Max Speed: 0.45 M/s, Avg Speed: 0.43 M/s, Max Resolution: 1920x1080
Category: ☘️云南频道, Name: 普洱新闻综合, Total: 20, Valid: 20, Valid Percent: 100.00%, Whitelist: 0, IPv4: 20, IPv6: 0, Min Delay: 1356 ms, Max Speed: 0.37 M/s, Avg Speed: 0.32 M/s, Max Resolution: 1920x1080
Category: ☘️云南频道, Name: 江川综合, Total: 21, Valid: 21, Valid Percent: 100.00%, Whitelist: 0, IPv4: 21, IPv6: 0, Min Delay: 2475 ms, Max Speed: 0.89 M/s, Avg Speed: 0.74 M/s, Max Resolution: 1280x720
Category: ☘️云南频道, Name: 砚山电视台, Total: 1, Valid: 0, Valid Percent: 0.00%, Whitelist: 0, IPv4: 0, IPv6: 1, Min Delay: -1 ms, Max Speed: 0.00 M/s, Avg Speed: 0.00 M/s, Max Resolution: None
Category: ☘️云南频道, Name: 红河州新闻综合, Total: 20, Valid: 20, Valid Percent: 100.00%, Whitelist: 0, IPv4: 20, IPv6: 0, Min Delay: 2586 ms, Max Speed: 0.33 M/s, Avg Speed: 0.32 M/s, Max Resolution: 1280x720
Category: ☘️云南频道, Name: 芒市综合, Total: 11, Valid: 11, Valid Percent: 100.00%, Whitelist: 0, IPv4: 11, IPv6: 0, Min Delay: 2254 ms, Max Speed: 0.45 M/s, Avg Speed: 0.40 M/s, Max Resolution: 1920x1080
Category: ☘️云南频道, Name: 通海电视台, Total: 11, Valid: 11, Valid Percent: 100.00%, Whitelist: 0, IPv4: 11, IPv6: 0, Min Delay: 2387 ms, Max Speed: 0.80 M/s, Avg Speed: 0.66 M/s, Max Resolution: 1920x1080
Category: ☘️云南频道, Name: 陇川综合, Total: 5, Valid: 5, Valid Percent: 100.00%, Whitelist: 0, IPv4: 5, IPv6: 0, Min Delay: 2733 ms, Max Speed: 0.83 M/s, Avg Speed: 0.66 M/s, Max Resolution: 1920x1080
Category: ☘️云南频道, Name: 麻栗坡电视台, Total: 22, Valid: 0, Valid Percent: 0.00%, Whitelist: 0, IPv4: 0, IPv6: 22, Min Delay: -1 ms, Max Speed: 0.00 M/s, Avg Speed: 0.00 M/s, Max Resolution: None
Category: ☘️云南频道, Name: 云南都市, Total: 1, Valid: 1, Valid Percent: 100.00%, Whitelist: 0, IPv4: 1, IPv6: 0, Min Delay: 1948 ms, Max Speed: 0.28 M/s, Avg Speed: 0.28 M/s, Max Resolution: 1280x720
Category: ☘️云南频道, Name: 云南娱乐, Total: 1, Valid: 1, Valid Percent: 100.00%, Whitelist: 0, IPv4: 1, IPv6: 0, Min Delay: 1659 ms, Max Speed: 0.25 M/s, Avg Speed: 0.25 M/s, Max Resolution: 1280x720
Category: ☘️青海频道, Name: 安多卫视, Total: 22, Valid: 6, Valid Percent: 27.27%, Whitelist: 0, IPv4: 1, IPv6: 21, Min Delay: 0.1 ms, Max Speed: 0.11 M/s, Avg Speed: 0.02 M/s, Max Resolution: 1920x1080
Category: ☘️青海频道, Name: 西宁新闻综合, Total: 43, Valid: 7, Valid Percent: 16.28%, Whitelist: 0, IPv4: 0, IPv6: 43, Min Delay: 0.1 ms, Max Speed: 0.00 M/s, Avg Speed: 0.00 M/s, Max Resolution: 1920x1080
Category: ☘️青海频道, Name: 西宁生活服务, Total: 30, Valid: 5, Valid Percent: 16.67%, Whitelist: 0, IPv4: 0, IPv6: 30, Min Delay: 0.1 ms, Max Speed: 0.00 M/s, Avg Speed: 0.00 M/s, Max Resolution: 1920x1080
Category: ☘️青海频道, Name: 青海经视, Total: 7, Valid: 0, Valid Percent: 0.00%, Whitelist: 0, IPv4: 0, IPv6: 7, Min Delay: -1 ms, Max Speed: 0.00 M/s, Avg Speed: 0.00 M/s, Max Resolution: None
Category: ☘️青海频道, Name: 青海都市, Total: 9, Valid: 0, Valid Percent: 0.00%, Whitelist: 0, IPv4: 0, IPv6: 9, Min Delay: -1 ms, Max Speed: 0.00 M/s, Avg Speed: 0.00 M/s, Max Resolution: None
Category: ☘️青海频道, Name: 青海综合, Total: 1, Valid: 1, Valid Percent: 100.00%, Whitelist: 0, IPv4: 0, IPv6: 1, Min Delay: 0.1 ms, Max Speed: 0.00 M/s, Avg Speed: 0.00 M/s, Max Resolution: 1920x1080
Category: ☘️黑龙江频道, Name: 黑龙江文体, Total: 48, Valid: 9, Valid Percent: 18.75%, Whitelist: 0, IPv4: 0, IPv6: 48, Min Delay: 0.1 ms, Max Speed: 0.00 M/s, Avg Speed: 0.00 M/s, Max Resolution: 1920x1080
Category: ☘️黑龙江频道, Name: 黑龙江新闻法治, Total: 65, Valid: 11, Valid Percent: 16.92%, Whitelist: 0, IPv4: 0, IPv6: 65, Min Delay: 0.1 ms, Max Speed: 0.00 M/s, Avg Speed: 0.00 M/s, Max Resolution: 1920x1080
Category: ☘️黑龙江频道, Name: 黑龙江影视, Total: 44, Valid: 9, Valid Percent: 20.45%, Whitelist: 0, IPv4: 1, IPv6: 43, Min Delay: 0.1 ms, Max Speed: 0.06 M/s, Avg Speed: 0.01 M/s, Max Resolution: 1920x1080
Category: ☘️黑龙江频道, Name: 黑龙江都市, Total: 53, Valid: 11, Valid Percent: 20.75%, Whitelist: 0, IPv4: 1, IPv6: 52, Min Delay: 0.1 ms, Max Speed: 0.10 M/s, Avg Speed: 0.01 M/s, Max Resolution: 1920x1080
Category: ☘️黑龙江频道, Name: 黑龙江少儿, Total: 49, Valid: 8, Valid Percent: 16.33%, Whitelist: 0, IPv4: 0, IPv6: 49, Min Delay: 0.1 ms, Max Speed: 0.00 M/s, Avg Speed: 0.00 M/s, Max Resolution: 1920x1080
Category: ☘️黑龙江频道, Name: 黑龙江新闻, Total: 3, Valid: 1, Valid Percent: 33.33%, Whitelist: 0, IPv4: 0, IPv6: 3, Min Delay: 0.1 ms, Max Speed: 0.00 M/s, Avg Speed: 0.00 M/s, Max Resolution: 1920x1080
Category: ☘️黑龙江频道, Name: 哈尔滨新闻综合, Total: 9, Valid: 3, Valid Percent: 33.33%, Whitelist: 0, IPv4: 0, IPv6: 9, Min Delay: 0.1 ms, Max Speed: 0.00 M/s, Avg Speed: 0.00 M/s, Max Resolution: 1920x1080
Category: ☘️黑龙江频道, Name: 哈尔滨影视, Total: 11, Valid: 0, Valid Percent: 0.00%, Whitelist: 0, IPv4: 0, IPv6: 11, Min Delay: -1 ms, Max Speed: 0.00 M/s, Avg Speed: 0.00 M/s, Max Resolution: None
Category: ☘️黑龙江频道, Name: 哈尔滨资讯, Total: 3, Valid: 1, Valid Percent: 33.33%, Whitelist: 0, IPv4: 1, IPv6: 2, Min Delay: 2722 ms, Max Speed: 0.01 M/s, Avg Speed: 0.01 M/s, Max Resolution: 640x480
Category: ☘️黑龙江频道, Name: 哈尔滨生活, Total: 11, Valid: 0, Valid Percent: 0.00%, Whitelist: 0, IPv4: 0, IPv6: 11, Min Delay: -1 ms, Max Speed: 0.00 M/s, Avg Speed: 0.00 M/s, Max Resolution: None
Category: ☘️黑龙江频道, Name: 哈尔滨娱乐, Total: 9, Valid: 0, Valid Percent: 0.00%, Whitelist: 0, IPv4: 0, IPv6: 9, Min Delay: -1 ms, Max Speed: 0.00 M/s, Avg Speed: 0.00 M/s, Max Resolution: None
Category: ☘️黑龙江频道, Name: 大庆新闻综合, Total: 2, Valid: 1, Valid Percent: 50.00%, Whitelist: 0, IPv4: 0, IPv6: 2, Min Delay: 0.1 ms, Max Speed: 0.00 M/s, Avg Speed: 0.00 M/s, Max Resolution: 1920x1080
Category: ☘️黑龙江频道, Name: 大庆公共, Total: 1, Valid: 0, Valid Percent: 0.00%, Whitelist: 0, IPv4: 0, IPv6: 1, Min Delay: -1 ms, Max Speed: 0.00 M/s, Avg Speed: 0.00 M/s, Max Resolution: None
Category: ☘️黑龙江频道, Name: 鹤岗新闻综合, Total: 5, Valid: 3, Valid Percent: 60.00%, Whitelist: 0, IPv4: 0, IPv6: 5, Min Delay: 0.1 ms, Max Speed: 0.00 M/s, Avg Speed: 0.00 M/s, Max Resolution: 1920x1080
Category: ☘️黑龙江频道, Name: 七台河新闻综合, Total: 1, Valid: 1, Valid Percent: 100.00%, Whitelist: 0, IPv4: 1, IPv6: 0, Min Delay: 2772 ms, Max Speed: 0.36 M/s, Avg Speed: 0.36 M/s, Max Resolution: 1280x720
Category: ☘️黑龙江频道, Name: 佳木斯新闻综合, Total: 3, Valid: 1, Valid Percent: 33.33%, Whitelist: 0, IPv4: 0, IPv6: 3, Min Delay: 0.1 ms, Max Speed: 0.00 M/s, Avg Speed: 0.00 M/s, Max Resolution: 1920x1080
Category: ☘️黑龙江频道, Name: 甘南县综合, Total: 1, Valid: 0, Valid Percent: 0.00%, Whitelist: 0, IPv4: 1, IPv6: 0, Min Delay: 5134 ms, Max Speed: 0.00 M/s, Avg Speed: 0.00 M/s, Max Resolution: None
Category: ☘️黑龙江频道, Name: 齐齐哈尔新闻综合, Total: 4, Valid: 1, Valid Percent: 25.00%, Whitelist: 0, IPv4: 0, IPv6: 4, Min Delay: 0.1 ms, Max Speed: 0.00 M/s, Avg Speed: 0.00 M/s, Max Resolution: 1920x1080
Category: ☘️黑龙江频道, Name: 齐齐哈尔经济法制, Total: 1, Valid: 0, Valid Percent: 0.00%, Whitelist: 0, IPv4: 0, IPv6: 1, Min Delay: -1 ms, Max Speed: 0.00 M/s, Avg Speed: 0.00 M/s, Max Resolution: None
Category: ☘️黑龙江频道, Name: 双鸭山综合, Total: 2, Valid: 1, Valid Percent: 50.00%, Whitelist: 0, IPv4: 1, IPv6: 1, Min Delay: 2716 ms, Max Speed: 0.36 M/s, Avg Speed: 0.36 M/s, Max Resolution: 1280x720
Category: ☘️黑龙江频道, Name: 七台河民生社教, Total: 20, Valid: 20, Valid Percent: 100.00%, Whitelist: 0, IPv4: 20, IPv6: 0, Min Delay: 2420 ms, Max Speed: 0.38 M/s, Avg Speed: 0.33 M/s, Max Resolution: 1280x720
Category: 🌊港·澳·台, Name: 翡翠台, Total: 270, Valid: 19, Valid Percent: 7.04%, Whitelist: 0, IPv4: 8, IPv6: 262, Min Delay: 0.1 ms, Max Speed: 0.29 M/s, Avg Speed: 0.02 M/s, Max Resolution: 1920x1080
Category: 🌊港·澳·台, Name: 明珠台, Total: 149, Valid: 3, Valid Percent: 2.01%, Whitelist: 0, IPv4: 4, IPv6: 145, Min Delay: 70 ms, Max Speed: 0.28 M/s, Avg Speed: 0.14 M/s, Max Resolution: 1920x1080
Category: 🌊港·澳·台, Name: 凤凰中文, Total: 277, Valid: 53, Valid Percent: 19.13%, Whitelist: 0, IPv4: 45, IPv6: 232, Min Delay: 0.1 ms, Max Speed: 0.91 M/s, Avg Speed: 0.13 M/s, Max Resolution: 1920x1080
Category: 🌊港·澳·台, Name: 凤凰资讯, Total: 230, Valid: 46, Valid Percent: 20.00%, Whitelist: 0, IPv4: 11, IPv6: 219, Min Delay: 0.1 ms, Max Speed: 94.10 M/s, Avg Speed: 2.05 M/s, Max Resolution: 1920x1080
Category: 🌊港·澳·台, Name: 凤凰香港, Total: 202, Valid: 16, Valid Percent: 7.92%, Whitelist: 0, IPv4: 7, IPv6: 195, Min Delay: 0.1 ms, Max Speed: 0.00 M/s, Avg Speed: 0.00 M/s, Max Resolution: 1920x1080
Category: 🌊港·澳·台, Name: 凤凰卫视, Total: 8, Valid: 4, Valid Percent: 50.00%, Whitelist: 0, IPv4: 0, IPv6: 8, Min Delay: 0.1 ms, Max Speed: 0.00 M/s, Avg Speed: 0.00 M/s, Max Resolution: 1920x1080
Category: 🌊港·澳·台, Name: TVBS亚洲, Total: 9, Valid: 1, Valid Percent: 11.11%, Whitelist: 0, IPv4: 0, IPv6: 9, Min Delay: 0.1 ms, Max Speed: 0.00 M/s, Avg Speed: 0.00 M/s, Max Resolution: 1920x1080
Category: 🌊港·澳·台, Name: 香港卫视, Total: 16, Valid: 5, Valid Percent: 31.25%, Whitelist: 0, IPv4: 0, IPv6: 16, Min Delay: 0.1 ms, Max Speed: 0.00 M/s, Avg Speed: 0.00 M/s, Max Resolution: 1920x1080
Category: 🌊港·澳·台, Name: 纬来体育, Total: 31, Valid: 6, Valid Percent: 19.35%, Whitelist: 0, IPv4: 1, IPv6: 30, Min Delay: 0.1 ms, Max Speed: 1.70 M/s, Avg Speed: 0.28 M/s, Max Resolution: 1920x1080
Category: 🌊港·澳·台, Name: 纬来育乐, Total: 21, Valid: 0, Valid Percent: 0.00%, Whitelist: 0, IPv4: 0, IPv6: 21, Min Delay: -1 ms, Max Speed: 0.00 M/s, Avg Speed: 0.00 M/s, Max Resolution: None
Category: 🌊港·澳·台, Name: J2, Total: 2, Valid: 1, Valid Percent: 50.00%, Whitelist: 0, IPv4: 0, IPv6: 2, Min Delay: 0.1 ms, Max Speed: 0.00 M/s, Avg Speed: 0.00 M/s, Max Resolution: 1920x1080
Category: 🌊港·澳·台, Name: Viutv, Total: 1, Valid: 1, Valid Percent: 100.00%, Whitelist: 0, IPv4: 0, IPv6: 1, Min Delay: 0.1 ms, Max Speed: 0.00 M/s, Avg Speed: 0.00 M/s, Max Resolution: 1920x1080
Category: 🌊港·澳·台, Name: 三立台湾, Total: 8, Valid: 1, Valid Percent: 12.50%, Whitelist: 0, IPv4: 0, IPv6: 8, Min Delay: 0.1 ms, Max Speed: 0.00 M/s, Avg Speed: 0.00 M/s, Max Resolution: 1920x1080
Category: 🌊港·澳·台, Name: 无线新闻, Total: 5, Valid: 5, Valid Percent: 100.00%, Whitelist: 0, IPv4: 0, IPv6: 5, Min Delay: 0.1 ms, Max Speed: 0.00 M/s, Avg Speed: 0.00 M/s, Max Resolution: 1920x1080
Category: 🌊港·澳·台, Name: 三立新闻, Total: 9, Valid: 5, Valid Percent: 55.56%, Whitelist: 0, IPv4: 0, IPv6: 9, Min Delay: 0.1 ms, Max Speed: 0.00 M/s, Avg Speed: 0.00 M/s, Max Resolution: 1920x1080
Category: 🌊港·澳·台, Name: 东森综合, Total: 10, Valid: 1, Valid Percent: 10.00%, Whitelist: 0, IPv4: 0, IPv6: 10, Min Delay: 0.1 ms, Max Speed: 0.00 M/s, Avg Speed: 0.00 M/s, Max Resolution: 1920x1080
Category: 🌊港·澳·台, Name: 东森超视, Total: 22, Valid: 5, Valid Percent: 22.73%, Whitelist: 0, IPv4: 0, IPv6: 22, Min Delay: 0.1 ms, Max Speed: 0.00 M/s, Avg Speed: 0.00 M/s, Max Resolution: 1920x1080
Category: 🌊港·澳·台, Name: 东森电影, Total: 32, Valid: 4, Valid Percent: 12.50%, Whitelist: 0, IPv4: 1, IPv6: 31, Min Delay: 0.1 ms, Max Speed: 0.00 M/s, Avg Speed: 0.00 M/s, Max Resolution: 1920x1080
Category: 🌊港·澳·台, Name: Now剧集, Total: 1, Valid: 0, Valid Percent: 0.00%, Whitelist: 0, IPv4: 0, IPv6: 1, Min Delay: -1 ms, Max Speed: 0.00 M/s, Avg Speed: 0.00 M/s, Max Resolution: None
Category: 🌊港·澳·台, Name: Now华剧, Total: 1, Valid: 1, Valid Percent: 100.00%, Whitelist: 0, IPv4: 1, IPv6: 0, Min Delay: 291 ms, Max Speed: 0.28 M/s, Avg Speed: 0.28 M/s, Max Resolution: 864x720
Category: 🌊港·澳·台, Name: 靖天资讯, Total: 24, Valid: 0, Valid Percent: 0.00%, Whitelist: 0, IPv4: 0, IPv6: 24, Min Delay: -1 ms, Max Speed: 0.00 M/s, Avg Speed: 0.00 M/s, Max Resolution: None
Category: 🎬电影频道, Name: CHC家庭影院, Total: 149, Valid: 46, Valid Percent: 30.87%, Whitelist: 0, IPv4: 40, IPv6: 109, Min Delay: 0.1 ms, Max Speed: 5.60 M/s, Avg Speed: 0.60 M/s, Max Resolution: 1920x1080
Category: 🎬电影频道, Name: CHC动作电影, Total: 147, Valid: 56, Valid Percent: 38.10%, Whitelist: 0, IPv4: 42, IPv6: 105, Min Delay: 0.1 ms, Max Speed: 5.42 M/s, Avg Speed: 0.47 M/s, Max Resolution: 1920x1080
Category: 🎬电影频道, Name: CHC高清电影, Total: 2, Valid: 0, Valid Percent: 0.00%, Whitelist: 0, IPv4: 1, IPv6: 1, Min Delay: 10005 ms, Max Speed: 0.00 M/s, Avg Speed: 0.00 M/s, Max Resolution: None
Category: 🎬电影频道, Name: 淘剧场, Total: 36, Valid: 29, Valid Percent: 80.56%, Whitelist: 0, IPv4: 27, IPv6: 9, Min Delay: 0.1 ms, Max Speed: 0.84 M/s, Avg Speed: 0.50 M/s, Max Resolution: 1920x1080
Category: 🎬电影频道, Name: 淘娱乐, Total: 35, Valid: 28, Valid Percent: 80.00%, Whitelist: 0, IPv4: 26, IPv6: 9, Min Delay: 0.1 ms, Max Speed: 0.88 M/s, Avg Speed: 0.49 M/s, Max Resolution: 1920x1080
Category: 🎬电影频道, Name: 淘电影, Total: 53, Valid: 44, Valid Percent: 83.02%, Whitelist: 0, IPv4: 27, IPv6: 26, Min Delay: 0.1 ms, Max Speed: 0.89 M/s, Avg Speed: 0.34 M/s, Max Resolution: 1920x1080
Category: 🎬电影频道, Name: NewTV惊悚悬疑, Total: 14, Valid: 1, Valid Percent: 7.14%, Whitelist: 0, IPv4: 0, IPv6: 14, Min Delay: 0.1 ms, Max Speed: 0.00 M/s, Avg Speed: 0.00 M/s, Max Resolution: 1920x1080
Category: 🎬电影频道, Name: NewTV动作电影, Total: 7, Valid: 1, Valid Percent: 14.29%, Whitelist: 0, IPv4: 0, IPv6: 7, Min Delay: 0.1 ms, Max Speed: 0.00 M/s, Avg Speed: 0.00 M/s, Max Resolution: 1920x1080
Category: 🎬电影频道, Name: 黑莓电影, Total: 13, Valid: 9, Valid Percent: 69.23%, Whitelist: 0, IPv4: 0, IPv6: 13, Min Delay: 0.1 ms, Max Speed: 0.00 M/s, Avg Speed: 0.00 M/s, Max Resolution: 1920x1080
Category: 🎬电影频道, Name: 纬来电影, Total: 35, Valid: 0, Valid Percent: 0.00%, Whitelist: 0, IPv4: 0, IPv6: 35, Min Delay: -1 ms, Max Speed: 0.00 M/s, Avg Speed: 0.00 M/s, Max Resolution: None
Category: 🎬电影频道, Name: 靖天映画, Total: 9, Valid: 0, Valid Percent: 0.00%, Whitelist: 0, IPv4: 0, IPv6: 9, Min Delay: -1 ms, Max Speed: 0.00 M/s, Avg Speed: 0.00 M/s, Max Resolution: None
Category: 🎬电影频道, Name: 靖天戏剧, Total: 23, Valid: 1, Valid Percent: 4.35%, Whitelist: 0, IPv4: 0, IPv6: 23, Min Delay: 0.1 ms, Max Speed: 0.00 M/s, Avg Speed: 0.00 M/s, Max Resolution: 1920x1080
Category: 🎬电影频道, Name: 经典电影, Total: 40, Valid: 10, Valid Percent: 25.00%, Whitelist: 0, IPv4: 5, IPv6: 35, Min Delay: 0.1 ms, Max Speed: 0.10 M/s, Avg Speed: 0.01 M/s, Max Resolution: 1920x1080
Category: 🎬电影频道, Name: IPTV经典电影, Total: 14, Valid: 3, Valid Percent: 21.43%, Whitelist: 0, IPv4: 3, IPv6: 11, Min Delay: 470 ms, Max Speed: 0.26 M/s, Avg Speed: 0.16 M/s, Max Resolution: 1920x1080
Category: 🎬电影频道, Name: 天映经典, Total: 34, Valid: 0, Valid Percent: 0.00%, Whitelist: 0, IPv4: 1, IPv6: 33, Min Delay: 121 ms, Max Speed: 0.00 M/s, Avg Speed: 0.00 M/s, Max Resolution: None
Category: 🎬电影频道, Name: 无线星河, Total: 10, Valid: 1, Valid Percent: 10.00%, Whitelist: 0, IPv4: 0, IPv6: 10, Min Delay: 0.1 ms, Max Speed: 0.00 M/s, Avg Speed: 0.00 M/s, Max Resolution: 1920x1080
Category: 🎬电影频道, Name: 星空卫视, Total: 17, Valid: 1, Valid Percent: 5.88%, Whitelist: 0, IPv4: 0, IPv6: 17, Min Delay: 0.1 ms, Max Speed: 0.00 M/s, Avg Speed: 0.00 M/s, Max Resolution: 1920x1080
Category: 🎬电影频道, Name: 东森电影, Total: 31, Valid: 4, Valid Percent: 12.90%, Whitelist: 0, IPv4: 0, IPv6: 31, Min Delay: 0.1 ms, Max Speed: 0.00 M/s, Avg Speed: 0.00 M/s, Max Resolution: 1920x1080
Category: 🎬电影频道, Name: 龙祥电影, Total: 2, Valid: 0, Valid Percent: 0.00%, Whitelist: 0, IPv4: 0, IPv6: 2, Min Delay: -1 ms, Max Speed: 0.00 M/s, Avg Speed: 0.00 M/s, Max Resolution: None
Category: 🎬电影频道, Name: 东森洋片, Total: 22, Valid: 0, Valid Percent: 0.00%, Whitelist: 0, IPv4: 0, IPv6: 22, Min Delay: -1 ms, Max Speed: 0.00 M/s, Avg Speed: 0.00 M/s, Max Resolution: None
Category: 🎬电影频道, Name: 东森超视, Total: 22, Valid: 5, Valid Percent: 22.73%, Whitelist: 0, IPv4: 0, IPv6: 22, Min Delay: 0.1 ms, Max Speed: 0.00 M/s, Avg Speed: 0.00 M/s, Max Resolution: 1920x1080
Category: 🎥咪咕直播, Name: 咪咕直播2, Total: 1, Valid: 1, Valid Percent: 100.00%, Whitelist: 0, IPv4: 0, IPv6: 1, Min Delay: 0.1 ms, Max Speed: 0.00 M/s, Avg Speed: 0.00 M/s, Max Resolution: 1920x1080
Category: 🎥咪咕直播, Name: 咪咕直播3, Total: 1, Valid: 1, Valid Percent: 100.00%, Whitelist: 0, IPv4: 0, IPv6: 1, Min Delay: 0.1 ms, Max Speed: 0.00 M/s, Avg Speed: 0.00 M/s, Max Resolution: 1920x1080
Category: 🎥咪咕直播, Name: 咪咕直播4, Total: 1, Valid: 1, Valid Percent: 100.00%, Whitelist: 0, IPv4: 0, IPv6: 1, Min Delay: 0.1 ms, Max Speed: 0.00 M/s, Avg Speed: 0.00 M/s, Max Resolution: 1920x1080
Category: 🎥咪咕直播, Name: 咪咕直播5, Total: 1, Valid: 1, Valid Percent: 100.00%, Whitelist: 0, IPv4: 0, IPv6: 1, Min Delay: 0.1 ms, Max Speed: 0.00 M/s, Avg Speed: 0.00 M/s, Max Resolution: 1920x1080
Category: 🎥咪咕直播, Name: 咪咕直播6, Total: 1, Valid: 1, Valid Percent: 100.00%, Whitelist: 0, IPv4: 0, IPv6: 1, Min Delay: 0.1 ms, Max Speed: 0.00 M/s, Avg Speed: 0.00 M/s, Max Resolution: 1920x1080
Category: 🎥咪咕直播, Name: 咪咕直播7, Total: 1, Valid: 1, Valid Percent: 100.00%, Whitelist: 0, IPv4: 0, IPv6: 1, Min Delay: 0.1 ms, Max Speed: 0.00 M/s, Avg Speed: 0.00 M/s, Max Resolution: 1920x1080
Category: 🎥咪咕直播, Name: 咪咕直播8, Total: 1, Valid: 1, Valid Percent: 100.00%, Whitelist: 0, IPv4: 0, IPv6: 1, Min Delay: 0.1 ms, Max Speed: 0.00 M/s, Avg Speed: 0.00 M/s, Max Resolution: 1920x1080
Category: 🎥咪咕直播, Name: 咪咕直播9, Total: 1, Valid: 1, Valid Percent: 100.00%, Whitelist: 0, IPv4: 0, IPv6: 1, Min Delay: 0.1 ms, Max Speed: 0.00 M/s, Avg Speed: 0.00 M/s, Max Resolution: 1920x1080
Category: 🎥咪咕直播, Name: 咪咕直播10, Total: 1, Valid: 1, Valid Percent: 100.00%, Whitelist: 0, IPv4: 0, IPv6: 1, Min Delay: 0.1 ms, Max Speed: 0.00 M/s, Avg Speed: 0.00 M/s, Max Resolution: 1920x1080
Category: 🎥咪咕直播, Name: 咪咕直播11, Total: 1, Valid: 1, Valid Percent: 100.00%, Whitelist: 0, IPv4: 0, IPv6: 1, Min Delay: 0.1 ms, Max Speed: 0.00 M/s, Avg Speed: 0.00 M/s, Max Resolution: 1920x1080
Category: 🎥咪咕直播, Name: 咪咕直播12, Total: 1, Valid: 1, Valid Percent: 100.00%, Whitelist: 0, IPv4: 0, IPv6: 1, Min Delay: 0.1 ms, Max Speed: 0.00 M/s, Avg Speed: 0.00 M/s, Max Resolution: 1920x1080
Category: 🎥咪咕直播, Name: 咪咕直播13, Total: 1, Valid: 1, Valid Percent: 100.00%, Whitelist: 0, IPv4: 0, IPv6: 1, Min Delay: 0.1 ms, Max Speed: 0.00 M/s, Avg Speed: 0.00 M/s, Max Resolution: 1920x1080
Category: 🎥咪咕直播, Name: 咪咕直播14, Total: 1, Valid: 1, Valid Percent: 100.00%, Whitelist: 0, IPv4: 0, IPv6: 1, Min Delay: 0.1 ms, Max Speed: 0.00 M/s, Avg Speed: 0.00 M/s, Max Resolution: 1920x1080
Category: 🎥咪咕直播, Name: 咪咕直播15, Total: 1, Valid: 1, Valid Percent: 100.00%, Whitelist: 0, IPv4: 0, IPv6: 1, Min Delay: 0.1 ms, Max Speed: 0.00 M/s, Avg Speed: 0.00 M/s, Max Resolution: 1920x1080
Category: 🎥咪咕直播, Name: 咪咕直播16, Total: 1, Valid: 1, Valid Percent: 100.00%, Whitelist: 0, IPv4: 0, IPv6: 1, Min Delay: 0.1 ms, Max Speed: 0.00 M/s, Avg Speed: 0.00 M/s, Max Resolution: 1920x1080
Category: 🎥咪咕直播, Name: 咪咕直播17, Total: 1, Valid: 1, Valid Percent: 100.00%, Whitelist: 0, IPv4: 0, IPv6: 1, Min Delay: 0.1 ms, Max Speed: 0.00 M/s, Avg Speed: 0.00 M/s, Max Resolution: 1920x1080
Category: 🎥咪咕直播, Name: 咪咕直播18, Total: 1, Valid: 1, Valid Percent: 100.00%, Whitelist: 0, IPv4: 0, IPv6: 1, Min Delay: 0.1 ms, Max Speed: 0.00 M/s, Avg Speed: 0.00 M/s, Max Resolution: 1920x1080
Category: 🎥咪咕直播, Name: 咪咕直播19, Total: 1, Valid: 1, Valid Percent: 100.00%, Whitelist: 0, IPv4: 0, IPv6: 1, Min Delay: 0.1 ms, Max Speed: 0.00 M/s, Avg Speed: 0.00 M/s, Max Resolution: 1920x1080
Category: 🎥咪咕直播, Name: 咪咕直播20, Total: 1, Valid: 1, Valid Percent: 100.00%, Whitelist: 0, IPv4: 0, IPv6: 1, Min Delay: 0.1 ms, Max Speed: 0.00 M/s, Avg Speed: 0.00 M/s, Max Resolution: 1920x1080
Category: 🎥咪咕直播, Name: 咪咕直播21, Total: 1, Valid: 1, Valid Percent: 100.00%, Whitelist: 0, IPv4: 0, IPv6: 1, Min Delay: 0.1 ms, Max Speed: 0.00 M/s, Avg Speed: 0.00 M/s, Max Resolution: 1920x1080
Category: 🎥咪咕直播, Name: 咪咕直播22, Total: 1, Valid: 1, Valid Percent: 100.00%, Whitelist: 0, IPv4: 0, IPv6: 1, Min Delay: 0.1 ms, Max Speed: 0.00 M/s, Avg Speed: 0.00 M/s, Max Resolution: 1920x1080
Category: 🎥咪咕直播, Name: 咪咕直播23, Total: 1, Valid: 1, Valid Percent: 100.00%, Whitelist: 0, IPv4: 0, IPv6: 1, Min Delay: 0.1 ms, Max Speed: 0.00 M/s, Avg Speed: 0.00 M/s, Max Resolution: 1920x1080
Category: 🎥咪咕直播, Name: 咪咕直播24, Total: 1, Valid: 1, Valid Percent: 100.00%, Whitelist: 0, IPv4: 0, IPv6: 1, Min Delay: 0.1 ms, Max Speed: 0.00 M/s, Avg Speed: 0.00 M/s, Max Resolution: 1920x1080
Category: 🎥咪咕直播, Name: 咪咕直播25, Total: 1, Valid: 1, Valid Percent: 100.00%, Whitelist: 0, IPv4: 0, IPv6: 1, Min Delay: 0.1 ms, Max Speed: 0.00 M/s, Avg Speed: 0.00 M/s, Max Resolution: 1920x1080
Category: 🎥咪咕直播, Name: 咪咕直播26, Total: 1, Valid: 1, Valid Percent: 100.00%, Whitelist: 0, IPv4: 0, IPv6: 1, Min Delay: 0.1 ms, Max Speed: 0.00 M/s, Avg Speed: 0.00 M/s, Max Resolution: 1920x1080
Category: 🎥咪咕直播, Name: 咪咕直播27, Total: 1, Valid: 1, Valid Percent: 100.00%, Whitelist: 0, IPv4: 0, IPv6: 1, Min Delay: 0.1 ms, Max Speed: 0.00 M/s, Avg Speed: 0.00 M/s, Max Resolution: 1920x1080
Category: 🎥咪咕直播, Name: 咪咕直播28, Total: 1, Valid: 1, Valid Percent: 100.00%, Whitelist: 0, IPv4: 0, IPv6: 1, Min Delay: 0.1 ms, Max Speed: 0.00 M/s, Avg Speed: 0.00 M/s, Max Resolution: 1920x1080
Category: 🎥咪咕直播, Name: 咪咕直播29, Total: 1, Valid: 1, Valid Percent: 100.00%, Whitelist: 0, IPv4: 0, IPv6: 1, Min Delay: 0.1 ms, Max Speed: 0.00 M/s, Avg Speed: 0.00 M/s, Max Resolution: 1920x1080
Category: 🎥咪咕直播, Name: 咪咕直播30, Total: 1, Valid: 1, Valid Percent: 100.00%, Whitelist: 0, IPv4: 0, IPv6: 1, Min Delay: 0.1 ms, Max Speed: 0.00 M/s, Avg Speed: 0.00 M/s, Max Resolution: 1920x1080
Category: 🎥咪咕直播, Name: 咪咕直播31, Total: 1, Valid: 1, Valid Percent: 100.00%, Whitelist: 0, IPv4: 0, IPv6: 1, Min Delay: 0.1 ms, Max Speed: 0.00 M/s, Avg Speed: 0.00 M/s, Max Resolution: 1920x1080
Category: 🎥咪咕直播, Name: 咪咕直播32, Total: 1, Valid: 1, Valid Percent: 100.00%, Whitelist: 0, IPv4: 0, IPv6: 1, Min Delay: 0.1 ms, Max Speed: 0.00 M/s, Avg Speed: 0.00 M/s, Max Resolution: 1920x1080
Category: 🎥咪咕直播, Name: 咪咕直播33, Total: 1, Valid: 1, Valid Percent: 100.00%, Whitelist: 0, IPv4: 0, IPv6: 1, Min Delay: 0.1 ms, Max Speed: 0.00 M/s, Avg Speed: 0.00 M/s, Max Resolution: 1920x1080
Category: 🎥咪咕直播, Name: 咪咕直播34, Total: 1, Valid: 1, Valid Percent: 100.00%, Whitelist: 0, IPv4: 0, IPv6: 1, Min Delay: 0.1 ms, Max Speed: 0.00 M/s, Avg Speed: 0.00 M/s, Max Resolution: 1920x1080
Category: 🎥咪咕直播, Name: 咪咕直播35, Total: 1, Valid: 1, Valid Percent: 100.00%, Whitelist: 0, IPv4: 0, IPv6: 1, Min Delay: 0.1 ms, Max Speed: 0.00 M/s, Avg Speed: 0.00 M/s, Max Resolution: 1920x1080
Category: 🎥咪咕直播, Name: 咪咕直播36, Total: 1, Valid: 1, Valid Percent: 100.00%, Whitelist: 0, IPv4: 0, IPv6: 1, Min Delay: 0.1 ms, Max Speed: 0.00 M/s, Avg Speed: 0.00 M/s, Max Resolution: 1920x1080
Category: 🎥咪咕直播, Name: 咪咕直播37, Total: 1, Valid: 1, Valid Percent: 100.00%, Whitelist: 0, IPv4: 0, IPv6: 1, Min Delay: 0.1 ms, Max Speed: 0.00 M/s, Avg Speed: 0.00 M/s, Max Resolution: 1920x1080
Category: 🎥咪咕直播, Name: 咪咕直播38, Total: 1, Valid: 1, Valid Percent: 100.00%, Whitelist: 0, IPv4: 0, IPv6: 1, Min Delay: 0.1 ms, Max Speed: 0.00 M/s, Avg Speed: 0.00 M/s, Max Resolution: 1920x1080
Category: 🏀体育频道, Name: CCTV-5, Total: 372, Valid: 37, Valid Percent: 9.95%, Whitelist: 0, IPv4: 0, IPv6: 372, Min Delay: 0.1 ms, Max Speed: 0.00 M/s, Avg Speed: 0.00 M/s, Max Resolution: 1920x1080
Category: 🏀体育频道, Name: CCTV-5+, Total: 195, Valid: 41, Valid Percent: 21.03%, Whitelist: 0, IPv4: 0, IPv6: 195, Min Delay: 0.1 ms, Max Speed: 0.00 M/s, Avg Speed: 0.00 M/s, Max Resolution: 1920x1080
Category: 🏀体育频道, Name: 广东体育, Total: 257, Valid: 9, Valid Percent: 3.50%, Whitelist: 0, IPv4: 0, IPv6: 257, Min Delay: 0.1 ms, Max Speed: 0.00 M/s, Avg Speed: 0.00 M/s, Max Resolution: 1920x1080
Category: 🏀体育频道, Name: 纬来体育, Total: 30, Valid: 5, Valid Percent: 16.67%, Whitelist: 0, IPv4: 0, IPv6: 30, Min Delay: 0.1 ms, Max Speed: 0.00 M/s, Avg Speed: 0.00 M/s, Max Resolution: 1920x1080
Category: 🏀体育频道, Name: 五星体育, Total: 119, Valid: 23, Valid Percent: 19.33%, Whitelist: 0, IPv4: 6, IPv6: 113, Min Delay: 0.1 ms, Max Speed: 0.24 M/s, Avg Speed: 0.02 M/s, Max Resolution: 1920x1080
Category: 🏀体育频道, Name: 体育赛事, Total: 2, Valid: 0, Valid Percent: 0.00%, Whitelist: 0, IPv4: 0, IPv6: 2, Min Delay: -1 ms, Max Speed: 0.00 M/s, Avg Speed: 0.00 M/s, Max Resolution: None
Category: 🏀体育频道, Name: 劲爆体育, Total: 41, Valid: 8, Valid Percent: 19.51%, Whitelist: 0, IPv4: 2, IPv6: 39, Min Delay: 0.1 ms, Max Speed: 0.00 M/s, Avg Speed: 0.00 M/s, Max Resolution: 1920x1080
Category: 🏀体育频道, Name: 爱体育, Total: 13, Valid: 8, Valid Percent: 61.54%, Whitelist: 0, IPv4: 4, IPv6: 9, Min Delay: 0.1 ms, Max Speed: 0.21 M/s, Avg Speed: 0.05 M/s, Max Resolution: 1920x1080
Category: 🏀体育频道, Name: 超级体育, Total: 7, Valid: 6, Valid Percent: 85.71%, Whitelist: 0, IPv4: 0, IPv6: 7, Min Delay: 0.1 ms, Max Speed: 0.00 M/s, Avg Speed: 0.00 M/s, Max Resolution: 1920x1080
Category: 🏀体育频道, Name: 精品体育, Total: 7, Valid: 5, Valid Percent: 71.43%, Whitelist: 0, IPv4: 0, IPv6: 7, Min Delay: 0.1 ms, Max Speed: 0.00 M/s, Avg Speed: 0.00 M/s, Max Resolution: 1920x1080
Category: 🏀体育频道, Name: 广州竞赛, Total: 53, Valid: 10, Valid Percent: 18.87%, Whitelist: 0, IPv4: 0, IPv6: 53, Min Delay: 0.1 ms, Max Speed: 0.00 M/s, Avg Speed: 0.00 M/s, Max Resolution: 1920x1080
Category: 🏀体育频道, Name: 辽宁体育, Total: 22, Valid: 2, Valid Percent: 9.09%, Whitelist: 0, IPv4: 0, IPv6: 22, Min Delay: 0.1 ms, Max Speed: 0.00 M/s, Avg Speed: 0.00 M/s, Max Resolution: 1920x1080
Category: 🏀体育频道, Name: 山东体育, Total: 28, Valid: 10, Valid Percent: 35.71%, Whitelist: 0, IPv4: 0, IPv6: 28, Min Delay: 0.1 ms, Max Speed: 0.00 M/s, Avg Speed: 0.00 M/s, Max Resolution: 1920x1080
Category: 🏀体育频道, Name: 天津体育, Total: 1, Valid: 1, Valid Percent: 100.00%, Whitelist: 0, IPv4: 1, IPv6: 0, Min Delay: 504 ms, Max Speed: 0.24 M/s, Avg Speed: 0.24 M/s, Max Resolution: 1920x1080
Category: 🏀体育频道, Name: 江苏体育, Total: 44, Valid: 0, Valid Percent: 0.00%, Whitelist: 0, IPv4: 0, IPv6: 44, Min Delay: -1 ms, Max Speed: 0.00 M/s, Avg Speed: 0.00 M/s, Max Resolution: None
Category: 🏀体育频道, Name: 安徽综艺体育, Total: 9, Valid: 4, Valid Percent: 44.44%, Whitelist: 0, IPv4: 0, IPv6: 9, Min Delay: 0.1 ms, Max Speed: 0.00 M/s, Avg Speed: 0.00 M/s, Max Resolution: 1920x1080
Category: 🏀体育频道, Name: 睛彩篮球, Total: 63, Valid: 41, Valid Percent: 65.08%, Whitelist: 0, IPv4: 44, IPv6: 19, Min Delay: 0.1 ms, Max Speed: 3.06 M/s, Avg Speed: 0.45 M/s, Max Resolution: 1920x1080
Category: 🏀体育频道, Name: 睛彩广场舞, Total: 21, Valid: 3, Valid Percent: 14.29%, Whitelist: 0, IPv4: 3, IPv6: 18, Min Delay: 475 ms, Max Speed: 0.40 M/s, Avg Speed: 0.31 M/s, Max Resolution: 1920x1080
Category: 🏀体育频道, Name: 风云足球, Total: 32, Valid: 4, Valid Percent: 12.50%, Whitelist: 0, IPv4: 0, IPv6: 32, Min Delay: 0.1 ms, Max Speed: 0.00 M/s, Avg Speed: 0.00 M/s, Max Resolution: 1920x1080
Category: 🏀体育频道, Name: 足球频道, Total: 48, Valid: 0, Valid Percent: 0.00%, Whitelist: 0, IPv4: 0, IPv6: 48, Min Delay: -1 ms, Max Speed: 0.00 M/s, Avg Speed: 0.00 M/s, Max Resolution: None
Category: 🏀体育频道, Name: 魅力足球, Total: 24, Valid: 10, Valid Percent: 41.67%, Whitelist: 0, IPv4: 1, IPv6: 23, Min Delay: 0.1 ms, Max Speed: 0.00 M/s, Avg Speed: 0.00 M/s, Max Resolution: 1920x1080
Category: 🏀体育频道, Name: 天元围棋, Total: 16, Valid: 10, Valid Percent: 62.50%, Whitelist: 0, IPv4: 10, IPv6: 6, Min Delay: 257 ms, Max Speed: 8.45 M/s, Avg Speed: 2.34 M/s, Max Resolution: 1920x1080
Category: 🏀体育频道, Name: 快乐垂钓, Total: 95, Valid: 18, Valid Percent: 18.95%, Whitelist: 0, IPv4: 18, IPv6: 77, Min Delay: 0.1 ms, Max Speed: 1.13 M/s, Avg Speed: 0.22 M/s, Max Resolution: 1920x1080
Category: 🏀体育频道, Name: JJ斗地主, Total: 1, Valid: 0, Valid Percent: 0.00%, Whitelist: 0, IPv4: 0, IPv6: 1, Min Delay: -1 ms, Max Speed: 0.00 M/s, Avg Speed: 0.00 M/s, Max Resolution: None
Category: 🪁动画频道, Name: 少儿动画, Total: 3, Valid: 3, Valid Percent: 100.00%, Whitelist: 0, IPv4: 3, IPv6: 0, Min Delay: 530 ms, Max Speed: 0.06 M/s, Avg Speed: 0.03 M/s, Max Resolution: 1920x1080
Category: 🪁动画频道, Name: 卡酷动画, Total: 97, Valid: 0, Valid Percent: 0.00%, Whitelist: 0, IPv4: 0, IPv6: 97, Min Delay: -1 ms, Max Speed: 0.00 M/s, Avg Speed: 0.00 M/s, Max Resolution: None
Category: 🪁动画频道, Name: 动漫秀场, Total: 71, Valid: 15, Valid Percent: 21.13%, Whitelist: 0, IPv4: 0, IPv6: 71, Min Delay: 0.1 ms, Max Speed: 0.00 M/s, Avg Speed: 0.00 M/s, Max Resolution: 1920x1080
Category: 🪁动画频道, Name: 新动漫, Total: 79, Valid: 0, Valid Percent: 0.00%, Whitelist: 0, IPv4: 1, IPv6: 78, Min Delay: 124 ms, Max Speed: 0.00 M/s, Avg Speed: 0.00 M/s, Max Resolution: None
Category: 🪁动画频道, Name: 青春动漫, Total: 8, Valid: 5, Valid Percent: 62.50%, Whitelist: 0, IPv4: 4, IPv6: 4, Min Delay: 0.1 ms, Max Speed: 0.03 M/s, Avg Speed: 0.01 M/s, Max Resolution: 1920x1080
Category: 🪁动画频道, Name: 爱动漫, Total: 15, Valid: 7, Valid Percent: 46.67%, Whitelist: 0, IPv4: 3, IPv6: 12, Min Delay: 0.1 ms, Max Speed: 0.07 M/s, Avg Speed: 0.02 M/s, Max Resolution: 1920x1080
Category: 🪁动画频道, Name: 宝宝动画, Total: 7, Valid: 4, Valid Percent: 57.14%, Whitelist: 0, IPv4: 4, IPv6: 3, Min Delay: 0.1 ms, Max Speed: 0.06 M/s, Avg Speed: 0.03 M/s, Max Resolution: 1920x1080
Category: 🪁动画频道, Name: CN卡通, Total: 5, Valid: 2, Valid Percent: 40.00%, Whitelist: 0, IPv4: 0, IPv6: 5, Min Delay: 0.1 ms, Max Speed: 0.00 M/s, Avg Speed: 0.00 M/s, Max Resolution: 1920x1080
Category: 🪁动画频道, Name: 优漫卡通, Total: 127, Valid: 12, Valid Percent: 9.45%, Whitelist: 0, IPv4: 0, IPv6: 127, Min Delay: 0.1 ms, Max Speed: 0.00 M/s, Avg Speed: 0.00 M/s, Max Resolution: 1920x1080
Category: 🪁动画频道, Name: 金鹰卡通, Total: 130, Valid: 60, Valid Percent: 46.15%, Whitelist: 0, IPv4: 33, IPv6: 97, Min Delay: 0.1 ms, Max Speed: 1.11 M/s, Avg Speed: 0.13 M/s, Max Resolution: 1920x1080
Category: 🪁动画频道, Name: 黑莓动画, Total: 8, Valid: 6, Valid Percent: 75.00%, Whitelist: 0, IPv4: 0, IPv6: 8, Min Delay: 0.1 ms, Max Speed: 0.00 M/s, Avg Speed: 0.00 M/s, Max Resolution: 1920x1080
Category: 🪁动画频道, Name: 炫动卡通, Total: 110, Valid: 0, Valid Percent: 0.00%, Whitelist: 0, IPv4: 0, IPv6: 110, Min Delay: -1 ms, Max Speed: 0.00 M/s, Avg Speed: 0.00 M/s, Max Resolution: None
Category: 🪁动画频道, Name: 浙江少儿, Total: 36, Valid: 12, Valid Percent: 33.33%, Whitelist: 0, IPv4: 0, IPv6: 36, Min Delay: 0.1 ms, Max Speed: 0.00 M/s, Avg Speed: 0.00 M/s, Max Resolution: 1920x1080
Category: 🪁动画频道, Name: 河北少儿科教, Total: 15, Valid: 11, Valid Percent: 73.33%, Whitelist: 0, IPv4: 3, IPv6: 12, Min Delay: 0.1 ms, Max Speed: 0.31 M/s, Avg Speed: 0.07 M/s, Max Resolution: 1920x1080
Category: 🪁动画频道, Name: 七龙珠, Total: 3, Valid: 0, Valid Percent: 0.00%, Whitelist: 0, IPv4: 0, IPv6: 3, Min Delay: -1 ms, Max Speed: 0.00 M/s, Avg Speed: 0.00 M/s, Max Resolution: None
Category: 🪁动画频道, Name: 火影忍者, Total: 1, Valid: 0, Valid Percent: 0.00%, Whitelist: 0, IPv4: 0, IPv6: 1, Min Delay: -1 ms, Max Speed: 0.00 M/s, Avg Speed: 0.00 M/s, Max Resolution: None
Category: 🪁动画频道, Name: 海绵宝宝, Total: 9, Valid: 1, Valid Percent: 11.11%, Whitelist: 0, IPv4: 1, IPv6: 8, Min Delay: 0.1 ms, Max Speed: 0.00 M/s, Avg Speed: 0.00 M/s, Max Resolution: 1920x1080
Category: 🪁动画频道, Name: 中华小当家, Total: 6, Valid: 2, Valid Percent: 33.33%, Whitelist: 0, IPv4: 0, IPv6: 6, Min Delay: 0.1 ms, Max Speed: 0.00 M/s, Avg Speed: 0.00 M/s, Max Resolution: 1920x1080
Category: 🪁动画频道, Name: 斗破苍穹玄幻剧, Total: 1, Valid: 0, Valid Percent: 0.00%, Whitelist: 0, IPv4: 0, IPv6: 1, Min Delay: -1 ms, Max Speed: 0.00 M/s, Avg Speed: 0.00 M/s, Max Resolution: None
Category: 🪁动画频道, Name: 猫和老鼠, Total: 9, Valid: 2, Valid Percent: 22.22%, Whitelist: 0, IPv4: 0, IPv6: 9, Min Delay: 0.1 ms, Max Speed: 0.00 M/s, Avg Speed: 0.00 M/s, Max Resolution: 1920x1080
Category: 🪁动画频道, Name: 经典动漫, Total: 4, Valid: 2, Valid Percent: 50.00%, Whitelist: 0, IPv4: 0, IPv6: 4, Min Delay: 0.1 ms, Max Speed: 0.00 M/s, Avg Speed: 0.00 M/s, Max Resolution: 1920x1080
Category: 🪁动画频道, Name: 蜡笔小新, Total: 9, Valid: 0, Valid Percent: 0.00%, Whitelist: 0, IPv4: 0, IPv6: 9, Min Delay: -1 ms, Max Speed: 0.00 M/s, Avg Speed: 0.00 M/s, Max Resolution: None
Category: 🪁动画频道, Name: 漫画解说, Total: 4, Valid: 2, Valid Percent: 50.00%, Whitelist: 0, IPv4: 0, IPv6: 4, Min Delay: 0.1 ms, Max Speed: 0.00 M/s, Avg Speed: 0.00 M/s, Max Resolution: 1920x1080
Category: 🎮游戏频道, Name: 游戏风云, Total: 121, Valid: 52, Valid Percent: 42.98%, Whitelist: 0, IPv4: 57, IPv6: 64, Min Delay: 0.1 ms, Max Speed: 0.93 M/s, Avg Speed: 0.30 M/s, Max Resolution: 1920x1080
Category: 🎮游戏频道, Name: 游戏竞技, Total: 1, Valid: 0, Valid Percent: 0.00%, Whitelist: 0, IPv4: 1, IPv6: 0, Min Delay: 522 ms, Max Speed: 0.00 M/s, Avg Speed: 0.00 M/s, Max Resolution: None
Category: 🎮游戏频道, Name: 电竞天堂, Total: 6, Valid: 4, Valid Percent: 66.67%, Whitelist: 0, IPv4: 3, IPv6: 3, Min Delay: 0.1 ms, Max Speed: 0.02 M/s, Avg Speed: 0.01 M/s, Max Resolution: 1920x1080
Category: 🎮游戏频道, Name: 爱电竞, Total: 2, Valid: 1, Valid Percent: 50.00%, Whitelist: 0, IPv4: 0, IPv6: 2, Min Delay: 0.1 ms, Max Speed: 0.00 M/s, Avg Speed: 0.00 M/s, Max Resolution: 1920x1080
Category: 🎵音乐频道, Name: CCTV-15, Total: 287, Valid: 63, Valid Percent: 21.95%, Whitelist: 0, IPv4: 0, IPv6: 287, Min Delay: 0.1 ms, Max Speed: 0.00 M/s, Avg Speed: 0.00 M/s, Max Resolution: 1920x1080
Category: 🎵音乐频道, Name: 风云音乐, Total: 23, Valid: 0, Valid Percent: 0.00%, Whitelist: 0, IPv4: 0, IPv6: 23, Min Delay: -1 ms, Max Speed: 0.00 M/s, Avg Speed: 0.00 M/s, Max Resolution: None
Category: 🎵音乐频道, Name: 音乐现场, Total: 14, Valid: 3, Valid Percent: 21.43%, Whitelist: 0, IPv4: 3, IPv6: 11, Min Delay: 531 ms, Max Speed: 0.02 M/s, Avg Speed: 0.01 M/s, Max Resolution: 1920x1080
Category: 🎵音乐频道, Name: 音乐之声, Total: 2, Valid: 1, Valid Percent: 50.00%, Whitelist: 0, IPv4: 1, IPv6: 1, Min Delay: 1170 ms, Max Speed: 0.13 M/s, Avg Speed: 0.13 M/s, Max Resolution: None
Category: 🎵音乐频道, Name: 潮流音乐, Total: 1, Valid: 1, Valid Percent: 100.00%, Whitelist: 0, IPv4: 1, IPv6: 0, Min Delay: 532 ms, Max Speed: 0.32 M/s, Avg Speed: 0.32 M/s, Max Resolution: None
Category: 🎵音乐频道, Name: 音乐广播, Total: 64, Valid: 0, Valid Percent: 0.00%, Whitelist: 0, IPv4: 0, IPv6: 64, Min Delay: -1 ms, Max Speed: 0.00 M/s, Avg Speed: 0.00 M/s, Max Resolution: None
Category: 🏛经典剧场, Name: 笑傲江湖, Total: 15, Valid: 3, Valid Percent: 20.00%, Whitelist: 0, IPv4: 0, IPv6: 15, Min Delay: 0.1 ms, Max Speed: 0.00 M/s, Avg Speed: 0.00 M/s, Max Resolution: 1920x1080
Category: 🏛经典剧场, Name: 天龙八部, Total: 20, Valid: 4, Valid Percent: 20.00%, Whitelist: 0, IPv4: 0, IPv6: 20, Min Delay: 0.1 ms, Max Speed: 0.00 M/s, Avg Speed: 0.00 M/s, Max Resolution: 1920x1080
Category: 🏛经典剧场, Name: 鹿鼎记, Total: 7, Valid: 1, Valid Percent: 14.29%, Whitelist: 0, IPv4: 0, IPv6: 7, Min Delay: 0.1 ms, Max Speed: 0.00 M/s, Avg Speed: 0.00 M/s, Max Resolution: 1920x1080
Category: 🏛经典剧场, Name: 仙剑奇侠传, Total: 3, Valid: 1, Valid Percent: 33.33%, Whitelist: 0, IPv4: 0, IPv6: 3, Min Delay: 0.1 ms, Max Speed: 0.00 M/s, Avg Speed: 0.00 M/s, Max Resolution: 1920x1080
Category: 🏛经典剧场, Name: 西游记, Total: 6, Valid: 0, Valid Percent: 0.00%, Whitelist: 0, IPv4: 0, IPv6: 6, Min Delay: -1 ms, Max Speed: 0.00 M/s, Avg Speed: 0.00 M/s, Max Resolution: None
Category: 🏛经典剧场, Name: 三国演义, Total: 7, Valid: 2, Valid Percent: 28.57%, Whitelist: 0, IPv4: 0, IPv6: 7, Min Delay: 0.1 ms, Max Speed: 0.00 M/s, Avg Speed: 0.00 M/s, Max Resolution: 1920x1080
Category: 🏛经典剧场, Name: 水浒传, Total: 6, Valid: 1, Valid Percent: 16.67%, Whitelist: 0, IPv4: 0, IPv6: 6, Min Delay: 0.1 ms, Max Speed: 0.00 M/s, Avg Speed: 0.00 M/s, Max Resolution: 1920x1080
Category: 🏛经典剧场, Name: 新白娘子传奇, Total: 7, Valid: 4, Valid Percent: 57.14%, Whitelist: 0, IPv4: 0, IPv6: 7, Min Delay: 0.1 ms, Max Speed: 0.00 M/s, Avg Speed: 0.00 M/s, Max Resolution: 1920x1080
Category: 🏛经典剧场, Name: 济公游记, Total: 1, Valid: 1, Valid Percent: 100.00%, Whitelist: 0, IPv4: 0, IPv6: 1, Min Delay: 0.1 ms, Max Speed: 0.00 M/s, Avg Speed: 0.00 M/s, Max Resolution: 1920x1080
Category: 🏛经典剧场, Name: 封神榜, Total: 14, Valid: 3, Valid Percent: 21.43%, Whitelist: 0, IPv4: 0, IPv6: 14, Min Delay: 0.1 ms, Max Speed: 0.00 M/s, Avg Speed: 0.00 M/s, Max Resolution: 1920x1080
Category: 🏛经典剧场, Name: 闯关东, Total: 3, Valid: 0, Valid Percent: 0.00%, Whitelist: 0, IPv4: 0, IPv6: 3, Min Delay: -1 ms, Max Speed: 0.00 M/s, Avg Speed: 0.00 M/s, Max Resolution: None
Category: 🏛经典剧场, Name: 上海滩, Total: 4, Valid: 2, Valid Percent: 50.00%, Whitelist: 0, IPv4: 0, IPv6: 4, Min Delay: 0.1 ms, Max Speed: 0.00 M/s, Avg Speed: 0.00 M/s, Max Resolution: 1920x1080
Category: 🏛经典剧场, Name: 射雕英雄传, Total: 5, Valid: 1, Valid Percent: 20.00%, Whitelist: 0, IPv4: 0, IPv6: 5, Min Delay: 0.1 ms, Max Speed: 0.00 M/s, Avg Speed: 0.00 M/s, Max Resolution: 1920x1080
